id,usuario_id,producto_id,total,fecha,estado,is_active,num_cuotas
1,28,52,41266.47,2025-03-08,cancelado,True,1
2,48,88,23095.170000000002,2024-11-09,pendiente,True,1
3,49,77,6437.92,2025-09-20,pagando,True,1
4,9,102,44913.840000000004,2025-05-28,pagado,True,1
5,17,55,7785.1,2025-10-02,pendiente,True,1
6,13,111,10668.54,2025-01-23,pagando,True,11
7,21,31,58483.96,2025-01-26,pendiente,True,1
8,8,9,5526.76,2025-11-02,pagando,True,1
9,32,59,13806.17,2025-09-19,pagado,True,1
10,26,59,55839.96,2025-06-02,pendiente,True,1
11,48,42,17810.43,2025-10-16,pagado,True,1
12,8,43,1910.86,2025-08-15,pagando,True,3
13,29,9,8586.48,2025-06-09,pendiente,True,1
14,50,101,41976.78,2025-09-01,pagando,True,1
15,30,54,35973.55,2024-11-29,pendiente,True,7
16,42,80,13281.12,2025-02-15,pagado,True,1
17,30,85,20839.3,2024-12-11,pagando,True,1
18,34,80,28181.4,2025-05-01,pagando,True,1
19,36,53,5616.17,2025-02-07,pagando,True,1
20,14,23,21646.44,2025-11-03,pagando,True,1
21,33,64,12890.49,2025-10-23,cancelado,True,1
22,17,105,17809.4,2025-06-12,pagando,True,1
23,21,118,59771.88,2024-12-07,cancelado,True,1
24,28,64,4908.15,2025-03-08,cancelado,True,1
25,48,30,41023.92,2025-02-03,cancelado,True,4
26,3,19,13101.12,2024-11-25,cancelado,True,1
27,16,104,53280.4,2025-09-10,pagando,True,9
28,13,37,5090.32,2024-11-20,cancelado,True,1
29,13,111,30099.03,2024-12-11,pagado,True,12
30,11,109,18502.050000000003,2025-10-05,pagando,True,1
31,45,20,2880.13,2025-09-02,pendiente,True,10
32,4,113,1447.7,2024-12-01,pendiente,True,12
33,16,118,19543.050000000003,2025-02-20,pendiente,True,1
34,28,90,9240.6,2024-12-13,cancelado,True,5
35,20,27,26840.76,2025-08-28,cancelado,True,1
36,29,115,74211.9,2025-07-27,pendiente,True,10
37,10,106,12325.49,2024-11-21,pagado,True,6
38,11,114,39370.08,2025-05-20,pagando,True,1
39,4,1,27969.84,2024-11-22,pagando,True,3
40,43,64,59889.85,2025-07-26,pendiente,True,11
41,4,12,47095.84,2025-02-19,pagado,True,2
42,32,107,13409.49,2025-09-30,pagado,True,1
43,47,46,8005.93,2025-07-15,cancelado,True,1
44,48,13,1386.6499999999999,2025-01-13,pendiente,True,1
45,41,43,3452.67,2025-02-27,cancelado,True,1
46,25,110,19664.74,2025-03-13,cancelado,True,1
47,33,73,10261.37,2025-07-10,cancelado,True,3
48,20,3,30397.05,2025-02-18,pagando,True,6
49,20,117,14917.72,2025-09-22,pendiente,True,1
50,40,9,7218.89,2025-08-21,pagado,True,1
51,27,102,4782.51,2025-01-27,pendiente,True,1
52,48,6,37192.020000000004,2024-12-18,pagando,True,1
53,15,20,55455.25,2025-09-08,cancelado,True,1
54,33,72,20142.05,2025-08-01,cancelado,True,1
55,15,116,1667.12,2025-11-07,cancelado,True,1
56,28,79,3775.08,2025-05-24,pagando,True,1
57,32,107,26386.78,2024-11-09,cancelado,True,1
58,30,13,15925.74,2025-04-17,pagado,True,8
59,45,19,9496.44,2025-10-30,pagando,True,1
60,29,58,10571.66,2025-08-02,pendiente,True,10
61,18,82,1742.0700000000002,2025-08-05,cancelado,True,1
62,27,58,11079.64,2024-12-11,cancelado,True,7
63,3,26,28735.44,2025-04-13,pendiente,True,1
64,39,41,4616.549999999999,2025-08-18,pagando,True,1
65,21,64,2770.84,2024-11-21,pagado,True,5
66,43,66,2390.76,2024-12-01,cancelado,True,1
67,42,32,36723.08,2025-06-23,cancelado,True,3
68,44,26,11417.11,2025-03-30,pagado,True,6
69,45,46,13502.16,2025-01-06,pendiente,True,3
70,42,116,7867.7,2025-03-11,pagado,True,9
71,9,41,7935.14,2025-02-15,pagado,True,12
72,13,103,24392.42,2025-07-12,cancelado,True,3
73,40,19,2926.92,2025-04-17,pagando,True,1
74,24,10,27105.56,2025-03-07,pagado,True,1
75,3,38,8146.08,2025-09-16,pendiente,True,4
76,2,80,15484.84,2025-08-31,pendiente,True,1
77,1,32,13603.32,2025-10-27,pendiente,True,5
78,42,83,6043.56,2025-02-04,pagando,True,1
79,41,115,6765.24,2025-03-12,cancelado,True,8
80,4,55,62505.55,2024-11-26,pagado,True,1
81,49,10,257.02,2025-10-10,cancelado,True,6
82,10,52,29444.2,2025-05-08,pendiente,True,1
83,47,99,7538.27,2025-07-19,cancelado,True,1
84,14,26,24001.44,2025-01-05,cancelado,True,10
85,33,71,41414.2,2025-09-07,cancelado,True,12
86,31,83,28279.62,2025-01-09,cancelado,True,7
87,39,9,59562.48,2025-08-29,pendiente,True,2
88,41,114,13896.72,2024-12-18,pagando,True,2
89,13,33,36052.17,2024-12-27,cancelado,True,7
90,17,81,1665.56,2025-05-11,pagado,True,1
91,37,109,14382.1,2025-08-24,cancelado,True,1
92,41,94,36619.5,2025-08-31,pagado,True,1
93,23,98,37268.7,2025-02-04,pendiente,True,4
94,48,101,15049.72,2025-05-31,pendiente,True,8
95,9,97,7546.4400000000005,2025-05-12,pagado,True,6
96,14,32,21281.72,2025-07-21,pagado,True,1
97,35,39,14505.1,2025-07-27,pagando,True,7
98,10,87,9845.92,2025-01-06,pagado,True,1
99,41,69,15804.21,2025-10-12,pagado,True,4
100,10,12,59837.0,2024-12-07,pendiente,True,9
101,9,44,24306.56,2024-11-14,pagado,True,1
102,44,2,41190.24,2024-11-30,cancelado,True,1
103,16,80,21446.84,2025-07-28,pagado,True,5
104,5,41,19249.8,2025-09-18,cancelado,True,1
105,32,53,10665.96,2024-12-02,pagando,True,2
106,21,98,11283.36,2024-12-15,pagado,True,1
107,4,85,24908.04,2025-10-01,pagando,True,1
108,15,112,32478.18,2025-11-03,pendiente,True,1
109,1,20,6801.87,2025-02-18,cancelado,True,1
110,19,70,38790.08,2025-11-08,pagando,True,8
111,48,39,24078.0,2025-05-22,cancelado,True,5
112,19,110,31308.96,2025-09-16,cancelado,True,1
113,5,99,65612.29999999999,2025-05-13,pagando,True,1
114,4,18,3315.2,2024-12-28,pagado,True,6
115,40,53,59584.96,2025-07-12,pendiente,True,1
116,21,68,9915.69,2025-07-10,pagado,True,1
117,13,34,39227.16,2025-07-06,cancelado,True,9
118,15,105,11679.6,2024-12-11,pagando,True,1
119,49,55,54097.44,2025-06-24,cancelado,True,1
120,32,119,44457.479999999996,2025-10-27,pagando,True,8
121,40,104,5435.05,2024-11-17,cancelado,True,1
122,32,93,56566.899999999994,2024-12-06,pagando,True,4
123,8,90,9514.78,2025-10-27,pagando,True,1
124,5,32,22936.36,2025-02-26,cancelado,True,1
125,33,73,14994.89,2025-04-24,pagando,True,1
126,3,100,11480.52,2025-09-18,pagado,True,1
127,18,43,47132.95,2025-06-18,cancelado,True,10
128,11,4,27934.34,2025-09-15,pendiente,True,5
129,18,101,23353.4,2025-05-21,pagado,True,1
130,27,78,66580.5,2025-09-15,pagando,True,5
131,28,100,11320.150000000001,2024-11-27,cancelado,True,1
132,13,74,3954.18,2025-06-13,pagando,True,1
133,15,72,11245.32,2024-12-02,cancelado,True,9
134,10,11,893.72,2025-06-14,pagado,True,1
135,10,72,5352.59,2025-06-13,pagando,True,4
136,11,118,13074.84,2025-09-29,pendiente,True,1
137,20,82,25476.38,2025-08-29,cancelado,True,8
138,49,19,14889.349999999999,2025-09-07,cancelado,True,3
139,8,20,23081.22,2025-05-03,pendiente,True,1
140,25,100,1959.8,2025-04-19,pendiente,True,1
141,24,25,11266.41,2025-11-07,pagado,True,1
142,47,93,23316.58,2025-05-02,pendiente,True,1
143,12,77,25593.58,2025-03-26,pagando,True,5
144,20,16,13960.3,2025-09-25,pagando,True,5
145,15,67,2518.74,2025-09-07,cancelado,True,1
146,25,113,25079.909999999996,2025-01-04,cancelado,True,5
147,29,24,3721.09,2025-06-03,pendiente,True,11
148,32,28,5303.38,2025-04-28,cancelado,True,6
149,22,69,14058.13,2025-08-10,pagando,True,1
150,5,66,3751.5,2025-01-30,pagado,True,12
151,43,103,20784.699999999997,2025-02-14,pagando,True,1
152,29,58,4295.46,2025-04-08,cancelado,True,1
153,18,39,14745.96,2025-05-27,pendiente,True,1
154,8,42,14703.32,2025-01-28,pagando,True,1
155,4,30,10825.62,2025-11-08,pagando,True,5
156,36,46,4119.21,2025-03-10,pagado,True,1
157,3,114,58932.28,2024-11-21,pendiente,True,1
158,29,100,45876.72,2025-04-12,pagando,True,6
159,13,113,16812.56,2025-09-06,pagado,True,1
160,31,19,18354.15,2025-07-19,pagando,True,11
161,38,95,3956.96,2025-10-04,cancelado,True,5
162,21,115,37450.14,2025-02-02,pagando,True,1
163,1,70,37451.24,2025-10-14,pagando,True,12
164,36,92,7515.539999999999,2025-11-07,pagado,True,12
165,26,3,8438.18,2025-06-23,pendiente,True,1
166,17,32,5970.26,2025-06-18,cancelado,True,2
167,7,61,7530.96,2025-09-04,pagado,True,1
168,45,33,7403.6,2024-11-29,pagando,True,1
169,43,83,22026.36,2024-12-08,pagado,True,3
170,27,83,27351.12,2025-01-08,pagando,True,1
171,7,69,29725.5,2025-01-02,cancelado,True,1
172,8,37,1540.92,2024-12-08,pagando,True,1
173,31,86,37273.28,2024-12-31,pagando,True,1
174,7,21,7683.18,2025-02-05,pagado,True,1
175,4,44,29054.48,2025-02-10,pendiente,True,1
176,47,81,23756.65,2025-01-22,pendiente,True,1
177,43,17,43813.36,2025-01-26,pendiente,True,2
178,28,22,640.11,2025-07-21,pendiente,True,7
179,17,102,10621.73,2025-02-03,cancelado,True,1
180,31,114,5451.0599999999995,2025-08-06,pagado,True,10
181,9,99,37084.83,2025-08-07,pagando,True,1
182,40,12,24133.23,2025-01-12,pagando,True,10
183,2,11,49800.04,2025-06-18,cancelado,True,1
184,33,26,27591.8,2025-10-26,pagando,True,1
185,39,112,6258.66,2025-09-15,pagado,True,1
186,35,41,33570.84,2025-09-24,pendiente,True,1
187,29,101,11452.84,2025-05-28,pendiente,True,1
188,35,107,2704.01,2025-07-31,pendiente,True,4
189,18,28,11112.08,2024-12-15,cancelado,True,5
190,3,112,11980.92,2024-12-25,pagado,True,1
191,20,44,11214.75,2024-11-16,pagado,True,1
192,32,46,39324.12,2025-04-19,pagado,True,1
193,30,86,20511.36,2025-09-22,pendiente,True,1
194,9,37,42195.72,2025-02-03,pendiente,True,11
195,10,30,49822.92,2025-05-28,pagado,True,1
196,35,56,56899.16,2025-10-05,pendiente,True,1
197,16,95,10750.11,2025-02-19,pagando,True,1
198,15,38,38096.729999999996,2024-11-11,cancelado,True,5
199,31,45,29923.36,2025-04-22,cancelado,True,1
200,6,16,25687.08,2024-12-28,pendiente,True,11
201,37,35,6663.66,2025-08-26,pendiente,True,1
202,43,21,14140.2,2025-07-12,pagando,True,1
203,39,13,37979.01,2025-09-22,cancelado,True,9
204,27,57,37525.5,2025-04-21,pagando,True,12
205,31,53,35761.3,2025-03-23,cancelado,True,1
206,32,51,10770.36,2025-07-14,pagando,True,1
207,28,62,14980.0,2025-04-26,cancelado,True,1
208,24,50,32773.89,2025-09-15,cancelado,True,1
209,18,18,21826.829999999998,2025-06-27,pagando,True,8
210,48,24,3771.94,2025-06-15,cancelado,True,3
211,31,3,33361.72,2025-05-14,pendiente,True,1
212,27,23,25574.14,2025-04-13,pagado,True,1
213,23,41,1625.5,2025-10-24,pagando,True,9
214,40,21,24411.09,2025-07-29,pagado,True,1
215,9,12,16719.34,2025-11-04,cancelado,True,1
216,33,51,37284.52,2025-05-28,pagando,True,1
217,11,96,28085.96,2025-10-11,cancelado,True,1
218,26,98,30733.71,2025-04-26,cancelado,True,1
219,5,66,43075.62,2025-07-05,cancelado,True,3
220,46,107,326.05,2025-09-05,pagando,True,1
221,49,10,9125.28,2025-10-31,pagado,True,7
222,8,101,61925.649999999994,2025-03-23,cancelado,True,8
223,49,53,29714.2,2025-07-27,cancelado,True,1
224,2,39,10439.849999999999,2025-04-05,pendiente,True,10
225,45,63,2290.98,2025-04-28,pendiente,True,1
226,28,67,12993.5,2025-10-15,pagando,True,11
227,23,82,19085.25,2025-01-14,pagado,True,1
228,45,84,37533.69,2025-10-26,cancelado,True,8
229,18,33,24444.18,2024-11-27,pagado,True,1
230,23,18,9390.0,2025-09-21,pagado,True,1
231,37,18,27754.32,2025-02-24,pagado,True,11
232,13,45,14755.83,2025-06-03,cancelado,True,1
233,33,88,41152.299999999996,2025-01-17,pagado,True,11
234,32,95,28438.3,2025-04-13,pagando,True,1
235,17,87,11537.48,2025-11-02,pagado,True,1
236,28,104,5866.58,2025-08-04,pendiente,True,1
237,1,1,14179.49,2025-01-26,pagando,True,4
238,4,92,35129.6,2025-11-02,pagando,True,11
239,19,45,7528.96,2025-10-14,cancelado,True,9
240,1,18,50694.64,2025-01-05,pendiente,True,1
241,46,24,9110.45,2025-05-09,pagado,True,5
242,14,52,29590.8,2024-11-24,cancelado,True,4
243,34,72,11815.23,2025-06-25,pagado,True,1
244,16,5,3047.97,2025-06-05,pagando,True,1
245,22,104,4540.8,2025-05-27,pagado,True,8
246,50,71,6684.56,2025-07-11,pagando,True,1
247,38,11,40964.909999999996,2025-07-25,pagando,True,9
248,50,28,26530.64,2024-12-31,pagando,True,5
249,21,110,17827.06,2025-03-26,pendiente,True,3
250,43,53,36701.88,2025-08-04,pagado,True,1
251,26,59,334.44,2025-09-17,cancelado,True,3
252,21,50,17642.88,2025-02-26,pendiente,True,1
253,22,30,21637.5,2025-07-21,pagando,True,1
254,7,100,54567.35,2025-08-25,cancelado,True,1
255,23,68,53376.84,2025-02-12,pagado,True,3
256,37,78,3697.25,2025-06-09,pendiente,True,1
257,50,27,6895.96,2025-01-14,cancelado,True,4
258,10,74,28552.25,2025-05-10,pagado,True,1
259,9,39,23190.2,2025-09-08,cancelado,True,5
260,22,110,43527.28,2025-03-27,pagado,True,10
261,5,78,11654.92,2025-01-14,pagado,True,8
262,20,53,16366.16,2025-09-20,cancelado,True,1
263,24,34,36911.72,2024-11-12,pendiente,True,1
264,44,36,2441.44,2025-10-04,pagando,True,1
265,44,85,45723.24,2025-01-15,pagado,True,6
266,10,115,20929.32,2025-01-28,pendiente,True,1
267,45,120,12125.37,2025-09-02,cancelado,True,6
268,32,95,12300.8,2024-12-24,pendiente,True,1
269,7,1,34394.08,2025-10-19,pagando,True,12
270,43,64,8356.22,2025-02-11,pagando,True,9
271,35,1,11029.72,2025-04-10,pagado,True,1
272,17,90,58513.76,2025-02-11,pendiente,True,3
273,7,102,22183.56,2024-12-05,cancelado,True,1
274,43,63,12500.08,2025-10-03,pendiente,True,3
275,25,11,44750.64,2025-04-17,pagando,True,1
276,32,1,7921.3,2025-07-23,pagado,True,4
277,44,68,69052.0,2025-08-09,pagado,True,1
278,31,56,1925.2,2025-03-14,pendiente,True,1
279,49,45,9112.77,2025-08-01,pendiente,True,7
280,23,88,6335.74,2025-01-23,pagado,True,1
281,24,71,10350.98,2025-06-30,pagando,True,1
282,40,21,7961.25,2025-02-06,pagado,True,4
283,6,113,6008.77,2025-01-03,pendiente,True,1
284,1,65,10591.48,2025-08-25,pendiente,True,1
285,15,32,10941.34,2024-12-20,pendiente,True,1
286,12,76,1201.86,2025-11-01,pendiente,True,12
287,32,17,21728.55,2024-12-20,pagado,True,9
288,15,118,39259.409999999996,2024-11-13,pagando,True,1
289,13,75,3081.52,2024-11-15,pagando,True,1
290,41,113,16208.86,2024-12-04,pendiente,True,1
291,38,112,13589.36,2025-02-05,pagando,True,1
292,42,23,6616.29,2025-05-20,pagado,True,11
293,32,4,68297.15,2025-06-06,pagando,True,1
294,3,118,4735.14,2025-06-23,pagando,True,1
295,47,15,3299.7,2024-12-20,cancelado,True,1
296,27,43,13755.150000000001,2025-08-21,pendiente,True,9
297,13,29,60159.5,2025-09-05,pagado,True,2
298,45,47,36606.85,2025-08-14,cancelado,True,1
299,34,99,15919.38,2025-05-11,pagado,True,3
300,4,46,12638.96,2025-06-25,pendiente,True,1
301,45,39,28295.4,2024-12-01,cancelado,True,1
302,38,69,6990.700000000001,2024-12-15,pagando,True,1
303,28,31,2754.32,2025-05-23,cancelado,True,10
304,2,10,15715.829999999998,2025-01-16,pendiente,True,6
305,3,107,10004.4,2025-04-27,pagando,True,1
306,11,65,33101.46,2025-09-23,cancelado,True,1
307,45,77,19833.16,2025-09-29,pagado,True,1
308,29,65,35597.52,2025-02-22,pagando,True,1
309,45,116,51936.5,2025-03-03,cancelado,True,1
310,17,94,26233.12,2025-09-03,cancelado,True,1
311,48,81,6183.56,2025-02-05,pendiente,True,2
312,1,93,65785.3,2025-07-15,pagando,True,3
313,29,108,13355.58,2025-04-22,pagado,True,10
314,7,94,2292.32,2025-10-07,pendiente,True,5
315,28,77,27074.850000000002,2024-12-20,pagado,True,1
316,24,113,7428.18,2025-01-19,pagado,True,1
317,21,26,10903.25,2025-02-19,pagando,True,1
318,41,52,25129.4,2025-08-26,pendiente,True,1
319,14,86,10403.130000000001,2025-08-19,pagado,True,5
320,14,105,7655.88,2024-12-14,pagando,True,7
321,35,21,16783.0,2025-03-31,pagado,True,1
322,28,24,6005.16,2025-08-19,cancelado,True,1
323,30,20,13658.2,2024-11-11,pagado,True,1
324,30,92,23199.44,2025-10-07,pagado,True,1
325,30,45,30719.949999999997,2025-05-18,cancelado,True,1
326,18,50,6330.76,2025-07-15,pagando,True,1
327,36,27,6100.700000000001,2025-07-05,pagando,True,2
328,12,13,70054.3,2025-02-16,pagado,True,1
329,18,42,25059.1,2025-04-19,pendiente,True,1
330,17,43,17857.18,2025-05-17,pagado,True,11
331,19,29,21373.89,2025-03-31,cancelado,True,1
332,6,61,41744.24,2025-10-13,cancelado,True,1
333,46,79,17236.5,2025-09-07,pagando,True,1
334,42,61,8939.46,2025-08-26,pagado,True,1
335,38,21,14911.12,2025-11-07,pagando,True,5
336,26,39,65768.35,2025-08-30,pendiente,True,6
337,4,44,18642.46,2025-06-03,pagando,True,12
338,9,119,22694.37,2025-09-11,pagando,True,12
339,20,33,1414.1,2025-10-06,cancelado,True,3
340,44,27,55129.55,2024-11-15,pagado,True,1
341,32,60,9268.84,2025-04-12,cancelado,True,1
342,11,43,39058.86,2025-05-15,pagado,True,1
343,23,20,1723.05,2025-10-10,cancelado,True,1
344,37,106,10453.27,2024-12-02,cancelado,True,5
345,35,40,8044.23,2025-09-02,pagado,True,8
346,5,86,57862.88,2025-08-19,cancelado,True,12
347,18,18,10262.32,2025-01-01,cancelado,True,9
348,1,58,33385.4,2025-05-08,pagando,True,8
349,26,64,7131.6900000000005,2025-08-21,pendiente,True,11
350,34,28,26256.86,2025-04-24,pagado,True,1
351,42,119,44764.48,2025-10-27,cancelado,True,5
352,20,78,17900.65,2025-04-23,pagado,True,1
353,6,73,11280.12,2025-08-17,pagando,True,1
354,25,37,3811.26,2025-03-09,cancelado,True,6
355,24,77,52221.450000000004,2024-12-25,pagando,True,1
356,40,37,13821.58,2024-12-17,pendiente,True,7
357,13,69,4726.2300000000005,2025-02-06,pagado,True,4
358,1,10,8652.51,2025-04-03,cancelado,True,1
359,11,44,7402.25,2025-06-10,pagando,True,5
360,48,120,9736.0,2025-02-26,cancelado,True,5
361,2,25,47335.5,2025-07-05,cancelado,True,10
362,16,63,3361.1,2025-10-04,pagado,True,1
363,38,104,26974.28,2025-08-10,pagando,True,2
364,27,62,1278.96,2025-06-23,pendiente,True,9
365,45,29,12920.78,2025-02-12,cancelado,True,1
366,49,43,5142.78,2025-03-19,cancelado,True,12
367,14,82,23745.94,2025-07-12,pagado,True,9
368,44,83,21946.35,2025-04-02,pagando,True,8
369,17,83,11128.23,2025-06-11,cancelado,True,1
370,6,116,15765.06,2025-02-19,pagando,True,1
371,36,15,32672.58,2025-07-26,cancelado,True,11
372,40,45,54374.700000000004,2024-11-27,pagando,True,1
373,47,67,22441.85,2025-04-30,cancelado,True,1
374,20,19,24320.6,2025-03-15,pagado,True,8
375,19,46,3838.74,2025-06-24,pendiente,True,1
376,22,41,2597.88,2025-07-29,cancelado,True,11
377,1,103,46975.8,2024-11-10,pendiente,True,5
378,38,102,52898.7,2025-11-07,cancelado,True,1
379,36,111,41635.71,2025-05-21,pagando,True,1
380,14,64,9848.72,2025-07-24,cancelado,True,1
381,27,114,47237.6,2025-03-12,pendiente,True,6
382,6,112,34944.0,2025-09-30,pagado,True,1
383,11,56,11125.78,2025-06-10,pagado,True,1
384,48,4,24944.88,2025-09-03,pagando,True,9
385,48,110,750.78,2025-08-15,pagado,True,1
386,4,88,44851.24,2024-11-26,pendiente,True,12
387,28,35,10885.46,2024-11-18,pagando,True,1
388,33,54,44414.16,2024-12-14,pagando,True,7
389,1,2,23197.44,2024-11-16,pagando,True,1
390,37,113,377.3,2025-02-22,pendiente,True,1
391,33,82,19678.949999999997,2025-04-18,pagando,True,1
392,32,59,44970.45,2024-11-28,pendiente,True,1
393,40,74,20612.28,2025-09-22,pagado,True,1
394,10,28,71279.95,2025-06-27,pendiente,True,1
395,41,106,13731.44,2025-02-16,cancelado,True,1
396,18,109,19268.8,2025-01-15,cancelado,True,2
397,4,47,61267.15,2025-04-07,pagado,True,11
398,28,1,10157.78,2025-06-16,pagado,True,1
399,19,8,41767.9,2025-09-11,cancelado,True,1
400,21,84,37388.909999999996,2025-01-31,pagado,True,8
401,47,59,18908.5,2025-03-21,pagado,True,8
402,28,107,4982.05,2024-11-16,pendiente,True,10
403,35,27,2917.0,2025-08-22,pagando,True,11
404,16,49,6155.86,2025-01-18,cancelado,True,7
405,39,105,67099.75,2025-04-14,pagado,True,1
406,7,72,6651.34,2025-01-14,pendiente,True,1
407,20,36,23739.04,2025-07-12,cancelado,True,1
408,23,13,17003.28,2025-08-09,pendiente,True,1
409,1,45,2255.18,2025-09-01,pendiente,True,8
410,40,12,12705.1,2024-11-30,pagando,True,6
411,16,8,37875.18,2024-12-14,pendiente,True,4
412,12,20,26406.26,2025-10-17,pagado,True,2
413,49,106,16223.48,2025-04-10,pagado,True,1
414,1,117,66800.5,2025-05-19,cancelado,True,9
415,31,43,34864.72,2025-08-01,pendiente,True,3
416,5,53,19285.42,2025-01-01,pendiente,True,3
417,12,113,24966.39,2024-11-17,pendiente,True,1
418,29,69,35275.549999999996,2024-12-22,pendiente,True,1
419,15,106,7581.99,2025-04-17,pendiente,True,8
420,23,29,25135.52,2024-11-18,cancelado,True,1
421,49,40,27696.64,2024-12-22,pagando,True,1
422,35,88,30770.52,2024-12-12,cancelado,True,12
423,14,32,13169.09,2025-04-19,cancelado,True,8
424,2,84,17500.98,2024-11-13,cancelado,True,9
425,34,87,37599.270000000004,2025-11-02,pagando,True,1
426,43,11,15888.689999999999,2025-04-13,pendiente,True,1
427,14,89,24482.0,2025-04-27,pagado,True,1
428,5,33,30500.96,2025-01-08,pendiente,True,10
429,41,39,12813.68,2025-10-30,pagando,True,8
430,36,16,873.21,2025-07-09,pagado,True,1
431,11,59,32521.32,2025-03-19,pagando,True,10
432,25,12,6884.07,2025-03-08,pendiente,True,1
433,31,3,15136.35,2025-01-02,pagando,True,1
434,23,6,54771.149999999994,2025-09-10,pagando,True,2
435,42,48,3805.7,2025-02-03,pagando,True,9
436,9,25,47217.35,2025-08-02,pendiente,True,1
437,23,19,31462.11,2025-01-14,pagando,True,1
438,40,68,5007.12,2024-11-26,pagando,True,6
439,39,99,50908.649999999994,2025-07-14,cancelado,True,7
440,50,70,40818.08,2025-02-13,cancelado,True,11
441,6,27,29190.98,2025-05-21,pendiente,True,1
442,28,105,11866.32,2025-03-07,pendiente,True,2
443,40,52,51772.600000000006,2025-09-24,pagando,True,1
444,19,21,5064.52,2025-04-17,pagado,True,1
445,25,84,5895.8,2024-12-07,pagando,True,1
446,49,64,19395.15,2025-04-24,pagando,True,1
447,38,96,16594.44,2025-09-08,pagando,True,1
448,50,79,50026.149999999994,2025-06-12,pagando,True,10
449,47,27,39900.87,2025-01-09,cancelado,True,8
450,2,95,11627.77,2025-05-26,pagado,True,8
451,5,79,73009.35,2025-05-26,cancelado,True,10
452,27,22,18713.08,2025-07-25,pendiente,True,1
453,42,120,49391.32,2025-03-16,pagando,True,1
454,5,10,5233.15,2025-01-30,pendiente,True,1
455,29,13,12251.92,2025-09-25,cancelado,True,1
456,47,46,19360.55,2024-12-21,pagando,True,10
457,45,34,22796.92,2025-01-14,pagado,True,5
458,22,21,30409.08,2025-04-07,cancelado,True,10
459,29,68,42760.38,2025-07-30,cancelado,True,3
460,44,105,37043.35,2025-06-09,pagando,True,9
461,24,47,278.48,2025-06-14,pendiente,True,1
462,49,75,69459.7,2025-10-10,pagando,True,1
463,22,99,8652.33,2025-08-19,pendiente,True,12
464,48,102,28111.98,2025-08-18,pagando,True,9
465,19,96,6395.24,2025-05-01,cancelado,True,12
466,24,64,43372.6,2025-08-05,pagando,True,1
467,27,100,53063.92,2024-11-25,pagando,True,1
468,12,33,2166.38,2025-02-17,pagando,True,1
469,4,99,25105.379999999997,2024-12-25,pagado,True,1
470,49,104,55340.4,2025-04-12,pagando,True,1
471,10,72,20608.62,2025-07-26,pagado,True,10
472,33,56,54700.299999999996,2025-09-23,pagando,True,10
473,39,4,69273.45,2025-08-16,cancelado,True,1
474,43,22,59376.32,2025-02-09,pendiente,True,2
475,8,49,11365.27,2025-08-10,cancelado,True,1
476,37,10,18758.2,2025-08-23,pagado,True,1
477,25,86,3778.64,2025-03-02,pagado,True,7
478,12,25,11805.4,2025-05-17,pendiente,True,3
479,38,55,16805.4,2025-03-06,cancelado,True,3
480,15,106,24949.96,2025-09-12,pagando,True,1
481,22,92,8273.2,2025-06-30,pagando,True,1
482,30,73,19490.66,2025-02-03,pagando,True,1
483,43,41,16506.58,2025-07-13,pagado,True,1
484,45,45,35218.44,2025-01-16,pagado,True,2
485,42,95,35872.9,2025-06-16,pagando,True,1
486,16,6,15009.119999999999,2025-02-26,pagado,True,1
487,1,11,74342.34999999999,2025-01-10,pagando,True,6
488,20,78,38526.87,2025-03-14,pendiente,True,3
489,4,1,5022.97,2025-04-18,cancelado,True,4
490,19,90,912.24,2025-02-21,pagado,True,1
491,23,87,3140.92,2025-06-03,pagando,True,1
492,36,38,17271.63,2025-07-24,pagando,True,1
493,49,62,9711.68,2025-10-31,cancelado,True,5
494,38,91,45405.55,2025-06-18,pendiente,True,8
495,29,71,24690.6,2024-11-22,pendiente,True,7
496,42,98,40617.15,2025-08-13,pendiente,True,2
497,3,60,4586.84,2025-08-31,cancelado,True,10
498,47,27,4727.92,2025-09-02,pendiente,True,5
499,32,120,11685.2,2025-02-28,pagando,True,1
500,12,18,2801.61,2024-12-17,cancelado,True,11
501,26,59,51525.52,2025-02-10,pagando,True,1
502,30,37,59584.8,2024-12-31,pagado,True,1
503,20,16,15962.28,2024-11-13,pendiente,True,1
504,27,55,3305.2799999999997,2025-07-21,pagando,True,2
505,31,101,16269.2,2025-03-15,pagando,True,5
506,26,4,7013.31,2024-12-25,cancelado,True,1
507,20,48,59942.56,2025-01-24,pagando,True,5
508,28,61,56057.44,2025-06-19,pagado,True,8
509,43,22,7391.0,2025-07-26,cancelado,True,2
510,35,50,4080.7,2025-09-27,pagado,True,1
511,29,55,5230.700000000001,2025-09-11,pagado,True,12
512,11,20,10251.73,2025-01-27,pendiente,True,1
513,32,44,8598.960000000001,2025-05-01,pagado,True,1
514,17,77,41059.53,2025-09-01,pagado,True,11
515,50,48,37646.19,2025-04-02,cancelado,True,1
516,26,34,57279.95,2025-01-22,pendiente,True,1
517,6,1,16722.15,2025-08-04,pagado,True,2
518,46,50,18687.32,2024-11-16,pendiente,True,1
519,35,1,24956.96,2025-07-26,pendiente,True,1
520,40,83,52963.08,2025-08-01,pagando,True,1
521,1,105,11711.12,2024-11-12,pendiente,True,1
522,6,25,22319.75,2025-08-22,cancelado,True,3
523,28,118,8564.93,2025-08-03,pagado,True,5
524,3,102,18345.15,2025-01-22,cancelado,True,5
525,25,66,34824.0,2025-02-05,pendiente,True,1
526,46,75,8976.24,2025-02-14,cancelado,True,1
527,8,97,13178.05,2025-08-26,pagado,True,1
528,9,57,54770.05,2024-12-05,pagando,True,3
529,29,69,23162.2,2025-05-29,pagado,True,12
530,42,75,1962.28,2025-01-12,pagado,True,5
531,36,24,50562.56,2025-03-31,pendiente,True,3
532,5,33,20951.06,2025-07-16,pagando,True,11
533,38,97,25468.32,2025-04-03,pagado,True,11
534,23,115,611.08,2025-10-02,pendiente,True,1
535,31,54,9288.0,2024-12-06,pagado,True,7
536,3,16,15321.2,2025-06-14,pagando,True,12
537,14,40,1815.0,2025-06-25,pendiente,True,1
538,42,87,10298.98,2025-09-09,pagado,True,10
539,9,5,34178.2,2025-07-23,pagando,True,3
540,28,38,11820.66,2025-06-09,pagando,True,1
541,25,65,51481.3,2025-05-14,cancelado,True,1
542,6,117,9010.85,2024-12-29,pagando,True,1
543,2,108,25469.28,2025-09-29,pagando,True,6
544,1,109,11320.21,2025-02-03,pendiente,True,11
545,12,60,9955.95,2025-04-08,pendiente,True,1
546,13,41,50197.55,2025-06-02,cancelado,True,7
547,17,61,11037.73,2025-09-20,pendiente,True,3
548,7,108,47576.1,2025-09-08,pagado,True,3
549,36,91,47755.7,2025-05-13,pagado,True,1
550,6,54,17184.92,2025-09-20,pendiente,True,2
551,47,57,7147.09,2025-01-27,pagado,True,8
552,20,78,41328.549999999996,2024-11-21,cancelado,True,1
553,31,59,22968.64,2025-09-14,cancelado,True,10
554,20,27,3872.5,2024-11-23,pagado,True,3
555,16,103,42589.5,2025-04-08,cancelado,True,1
556,42,18,9089.66,2025-05-15,pendiente,True,1
557,33,5,43802.0,2025-01-04,pendiente,True,9
558,28,19,24711.300000000003,2024-12-15,cancelado,True,1
559,27,3,11430.36,2025-03-15,cancelado,True,1
560,17,86,26725.199999999997,2025-01-21,cancelado,True,2
561,23,36,53518.450000000004,2025-05-12,pendiente,True,8
562,23,46,49956.16,2025-05-29,cancelado,True,9
563,35,83,8468.62,2025-10-08,pagado,True,2
564,13,20,356.0,2025-06-09,pagado,True,11
565,49,13,1979.48,2025-04-02,pagando,True,1
566,22,75,26510.92,2025-10-01,pagando,True,8
567,3,60,49018.149999999994,2025-09-08,pagando,True,4
568,33,115,2315.42,2024-12-16,cancelado,True,1
569,1,12,38316.0,2025-01-20,pagando,True,1
570,31,54,4068.99,2025-09-21,pendiente,True,5
571,29,95,28327.82,2025-08-19,pendiente,True,7
572,13,9,11216.52,2024-11-26,pendiente,True,1
573,50,90,574.65,2025-03-13,pagado,True,11
574,30,10,26053.1,2025-03-11,pendiente,True,1
575,46,1,17841.57,2025-01-10,pendiente,True,1
576,34,91,36685.84,2025-06-26,pagando,True,1
577,14,104,14611.16,2024-11-16,pagando,True,3
578,18,98,42870.69,2025-09-13,pagando,True,6
579,24,52,22581.149999999998,2025-06-29,pagando,True,10
580,43,56,42447.57,2025-08-08,pagando,True,11
581,3,55,69683.2,2024-12-31,pendiente,True,6
582,36,41,18299.16,2025-10-27,pendiente,True,10
583,25,115,24935.24,2025-04-20,pendiente,True,11
584,34,88,29902.02,2024-12-23,pagado,True,10
585,27,82,42562.5,2025-08-12,cancelado,True,5
586,43,113,56910.9,2025-04-07,cancelado,True,11
587,14,110,9109.9,2025-02-02,cancelado,True,3
588,25,96,14765.650000000001,2024-11-15,cancelado,True,1
589,41,55,8958.58,2025-05-22,pendiente,True,12
590,46,49,23388.84,2025-05-11,pendiente,True,1
591,26,117,28690.82,2024-11-29,pagando,True,1
592,40,106,11391.849999999999,2025-03-16,pagando,True,12
593,16,20,37828.62,2025-05-16,pagado,True,11
594,36,115,10978.08,2025-04-27,cancelado,True,1
595,47,41,11497.56,2025-01-13,pendiente,True,1
596,19,19,36581.909999999996,2025-10-23,pagado,True,7
597,36,101,21792.56,2025-10-07,pagado,True,1
598,6,39,8009.85,2024-11-14,pagando,True,12
599,2,117,1809.8,2025-10-15,pendiente,True,1
600,45,19,29315.48,2025-06-10,cancelado,True,2
601,33,42,22424.52,2025-04-30,pendiente,True,11
602,36,76,2549.78,2025-01-03,pagando,True,11
603,27,13,45057.600000000006,2025-03-18,pagando,True,1
604,49,92,59860.600000000006,2025-02-18,cancelado,True,4
605,3,42,6106.77,2025-02-26,cancelado,True,1
606,44,51,30442.64,2024-11-27,pendiente,True,12
607,24,89,33217.4,2025-07-23,cancelado,True,1
608,23,54,38235.95,2025-11-04,cancelado,True,1
609,36,120,31427.909999999996,2025-10-20,pagando,True,6
610,15,5,19268.44,2025-02-14,cancelado,True,1
611,47,53,3615.63,2025-10-28,pagado,True,6
612,37,113,3248.0,2025-06-04,pagando,True,1
613,10,91,60873.149999999994,2024-11-21,pagando,True,7
614,1,2,16678.02,2025-01-20,pagando,True,6
615,14,41,36225.6,2025-10-14,pendiente,True,1
616,25,112,10521.48,2025-10-04,cancelado,True,10
617,23,67,36299.52,2025-03-02,pendiente,True,6
618,9,88,40649.01,2025-08-15,pagando,True,5
619,33,21,29420.85,2025-01-30,pagando,True,2
620,17,55,37566.840000000004,2025-10-06,cancelado,True,4
621,11,76,1803.0,2025-07-16,pendiente,True,1
622,11,25,27809.96,2025-07-01,pendiente,True,1
623,48,100,39345.78,2025-05-28,pagado,True,9
624,1,90,2948.2200000000003,2024-12-01,pendiente,True,1
625,37,82,20967.25,2024-11-10,pagado,True,1
626,20,42,53044.24,2025-04-17,pagado,True,1
627,6,18,9222.93,2025-09-03,pagando,True,1
628,36,88,25600.96,2025-04-30,pagando,True,1
629,48,106,3870.36,2025-01-27,pagado,True,1
630,23,89,9401.15,2025-08-27,pagando,True,1
631,7,6,33710.84,2025-03-27,cancelado,True,1
632,4,69,2002.0,2025-04-02,cancelado,True,1
633,19,79,7485.32,2025-10-17,cancelado,True,1
634,49,91,15407.72,2025-05-28,pagado,True,1
635,1,101,20529.69,2025-09-29,cancelado,True,1
636,25,33,22033.3,2025-01-08,pagando,True,1
637,48,76,63864.700000000004,2025-11-08,cancelado,True,6
638,34,77,7380.57,2025-05-29,pendiente,True,1
639,37,96,46840.8,2025-07-31,pendiente,True,6
640,44,97,25020.56,2025-06-10,cancelado,True,1
641,31,72,32372.100000000002,2025-03-28,pagando,True,5
642,13,79,3623.3,2024-12-02,pendiente,True,4
643,1,55,37611.68,2025-01-22,cancelado,True,1
644,16,61,22907.0,2024-11-14,pagando,True,1
645,8,106,11861.19,2025-01-21,cancelado,True,1
646,20,14,11241.37,2025-08-02,pagado,True,1
647,31,94,6409.4400000000005,2025-01-02,pagando,True,8
648,49,86,12270.89,2025-04-21,pagando,True,1
649,14,116,25785.68,2025-09-18,pendiente,True,1
650,15,37,6293.05,2025-04-24,pagado,True,12
651,28,72,17685.449999999997,2025-05-13,pagado,True,12
652,30,51,37581.25,2025-04-12,pagando,True,1
653,10,76,1690.73,2025-02-28,pagando,True,9
654,17,101,18055.4,2025-06-12,pendiente,True,7
655,8,10,27191.06,2025-03-27,pagado,True,1
656,14,113,64245.0,2025-06-16,cancelado,True,1
657,35,56,36751.32,2025-09-29,pendiente,True,8
658,27,46,16703.579999999998,2025-03-10,cancelado,True,6
659,3,51,46887.56,2025-01-06,pagando,True,1
660,27,47,5727.56,2025-08-30,cancelado,True,7
661,30,101,43047.1,2025-10-06,pagando,True,4
662,27,107,45885.52,2024-11-15,pagado,True,1
663,41,5,57296.12,2025-03-18,cancelado,True,1
664,38,56,13278.42,2025-03-25,cancelado,True,7
665,15,87,8164.55,2025-02-01,pagando,True,7
666,9,110,2371.72,2025-01-20,pendiente,True,6
667,47,72,2666.3,2025-04-26,pagando,True,1
668,11,17,14054.12,2025-10-21,cancelado,True,4
669,6,91,1632.63,2025-03-10,pagando,True,1
670,19,93,6807.18,2025-06-09,pendiente,True,1
671,25,86,52910.08,2024-12-02,pendiente,True,8
672,50,106,44436.92,2025-04-13,pendiente,True,10
673,9,84,65508.5,2025-01-02,pendiente,True,8
674,12,68,9194.82,2025-09-20,cancelado,True,11
675,19,15,46349.350000000006,2025-07-13,pagando,True,1
676,39,54,33071.399999999994,2025-04-28,pagado,True,5
677,15,47,38487.24,2025-08-29,pagado,True,4
678,50,98,42381.270000000004,2025-04-24,cancelado,True,2
679,18,48,5563.23,2025-10-30,cancelado,True,1
680,19,19,3014.28,2025-10-24,pagando,True,1
681,24,95,14387.51,2025-04-22,cancelado,True,9
682,17,72,5732.16,2025-05-29,pendiente,True,2
683,21,96,44906.68,2025-09-06,cancelado,True,5
684,14,43,23219.04,2025-05-08,cancelado,True,1
685,19,95,4893.13,2025-10-03,pagando,True,1
686,39,118,11587.74,2024-12-18,pagado,True,4
687,39,63,41800.85,2025-02-01,pagado,True,1
688,41,2,27342.149999999998,2025-11-08,pendiente,True,11
689,28,77,20698.0,2024-12-06,cancelado,True,4
690,45,78,11983.83,2025-06-23,pendiente,True,11
691,48,49,48711.6,2025-07-01,pagando,True,5
692,28,80,11204.28,2024-12-15,pagado,True,2
693,16,108,47121.450000000004,2025-08-03,pagando,True,7
694,48,60,20978.56,2025-03-26,cancelado,True,1
695,34,118,2476.4,2025-01-25,pendiente,True,1
696,32,10,39215.95,2025-10-31,pendiente,True,1
697,24,41,14585.44,2025-04-08,cancelado,True,1
698,49,110,7003.64,2024-11-13,pagado,True,12
699,26,10,597.88,2025-07-28,pendiente,True,12
700,8,85,34603.2,2024-11-23,pendiente,True,1
701,37,102,23411.46,2025-06-20,pagando,True,1
702,37,89,10852.6,2024-11-09,pagado,True,1
703,38,99,21780.62,2025-06-25,pagando,True,6
704,8,33,31167.0,2025-01-07,pendiente,True,10
705,2,103,24246.93,2025-10-05,pagando,True,1
706,45,81,36353.4,2025-03-07,pagando,True,1
707,5,96,22660.2,2024-12-04,pagado,True,6
708,28,4,2861.7,2025-10-05,pagando,True,5
709,42,19,14084.64,2025-10-22,cancelado,True,1
710,37,111,19724.02,2025-07-01,pendiente,True,1
711,36,101,21075.0,2025-04-09,cancelado,True,12
712,19,33,5301.1,2025-10-24,pagando,True,3
713,15,73,72225.15000000001,2025-05-26,pendiente,True,1
714,40,9,41754.21,2025-01-31,cancelado,True,1
715,7,25,13356.55,2025-08-23,pendiente,True,11
716,8,69,6282.27,2025-08-18,cancelado,True,9
717,27,47,42121.2,2025-08-10,pendiente,True,8
718,19,107,24249.699999999997,2025-09-29,cancelado,True,1
719,7,118,11190.58,2025-05-23,pendiente,True,6
720,40,94,44094.51,2025-10-15,pagando,True,1
721,11,98,5823.62,2025-10-02,pagado,True,4
722,50,120,33705.35,2025-07-10,cancelado,True,1
723,16,54,3072.12,2025-09-30,cancelado,True,1
724,10,79,12520.97,2025-06-05,cancelado,True,9
725,8,88,16950.0,2025-07-01,pagando,True,1
726,22,7,17024.31,2025-04-02,pagado,True,6
727,15,22,59055.04,2025-08-10,pendiente,True,1
728,5,117,27007.199999999997,2025-10-28,cancelado,True,3
729,42,31,28176.48,2025-10-23,pagando,True,7
730,24,62,2478.36,2025-11-03,cancelado,True,1
731,8,47,37794.21,2025-04-16,cancelado,True,1
732,7,84,23702.92,2024-11-10,pendiente,True,1
733,24,21,15218.56,2025-06-25,cancelado,True,5
734,22,17,977.48,2025-06-29,pendiente,True,6
735,8,65,3562.9800000000005,2025-08-17,pagado,True,6
736,37,109,11722.44,2025-03-11,pendiente,True,1
737,39,117,22387.41,2025-09-08,pagando,True,1
738,1,19,73433.45,2025-10-26,pagando,True,5
739,42,63,27350.85,2025-06-16,pagando,True,12
740,47,30,45834.5,2025-09-22,pagado,True,1
741,34,74,45418.12,2025-05-19,cancelado,True,3
742,6,88,1597.9,2025-03-17,pendiente,True,4
743,44,7,14287.45,2025-06-06,cancelado,True,1
744,13,34,43096.7,2024-11-09,pendiente,True,6
745,32,4,20672.05,2025-07-20,pendiente,True,11
746,50,114,40151.24,2025-01-25,pagado,True,9
747,28,35,23177.32,2025-01-23,pagando,True,1
748,4,48,8226.46,2025-03-25,pagado,True,7
749,29,47,3751.65,2025-03-22,cancelado,True,7
750,44,73,19269.0,2025-08-07,pendiente,True,1
751,1,119,1723.0500000000002,2025-09-14,cancelado,True,6
752,30,75,6980.74,2025-07-18,pendiente,True,6
753,15,110,34233.51,2025-09-02,pagando,True,1
754,34,101,46199.2,2025-03-08,cancelado,True,1
755,23,40,15496.079999999998,2025-05-17,pagando,True,11
756,16,69,11991.79,2025-09-27,pendiente,True,6
757,27,75,24041.07,2025-01-26,cancelado,True,2
758,49,1,17116.16,2025-02-16,cancelado,True,7
759,45,105,675.56,2025-08-10,cancelado,True,2
760,4,46,16652.449999999997,2024-11-29,pendiente,True,1
761,41,90,19063.48,2025-02-17,pagado,True,1
762,37,115,7235.78,2024-12-27,pagando,True,1
763,29,52,1432.26,2025-01-01,pagando,True,1
764,24,80,15756.96,2025-08-19,pendiente,True,1
765,45,68,33794.32,2025-02-21,pendiente,True,1
766,41,109,5129.47,2024-12-29,pagando,True,10
767,10,53,12947.25,2025-04-20,cancelado,True,1
768,50,30,33280.8,2024-12-09,pendiente,True,11
769,38,70,65045.05,2025-05-20,pendiente,True,1
770,26,113,11854.14,2025-02-06,pagado,True,12
771,5,101,13063.79,2025-01-31,pendiente,True,1
772,46,63,29500.88,2025-02-08,pendiente,True,1
773,32,106,17888.04,2025-07-22,cancelado,True,7
774,9,44,62898.9,2025-08-05,pagado,True,1
775,50,100,26750.55,2025-07-09,pagado,True,5
776,31,35,52921.2,2025-06-10,pendiente,True,3
777,10,10,40471.56,2024-12-20,pendiente,True,1
778,48,20,1446.94,2025-05-08,cancelado,True,10
779,24,11,16793.52,2025-05-08,pendiente,True,12
780,35,54,52955.24,2024-11-17,pagando,True,1
781,45,84,2657.31,2025-06-09,cancelado,True,1
782,27,48,18076.28,2025-10-02,pagando,True,1
783,50,30,3158.36,2024-12-07,cancelado,True,7
784,50,105,8606.0,2024-12-14,pagado,True,12
785,16,29,10228.78,2025-01-26,pagando,True,11
786,45,102,25386.62,2025-05-04,pagado,True,1
787,31,26,449.96,2025-08-28,pagado,True,3
788,35,112,5416.64,2025-03-28,cancelado,True,11
789,36,106,30587.43,2025-05-22,cancelado,True,1
790,26,100,1040.94,2025-07-24,pendiente,True,6
791,20,84,25800.16,2025-06-12,pendiente,True,1
792,36,45,2178.08,2024-11-22,pendiente,True,1
793,29,64,41096.56,2025-05-13,pendiente,True,5
794,19,28,2555.4900000000002,2025-02-26,pagado,True,1
795,46,6,39512.399999999994,2025-01-17,pendiente,True,6
796,18,9,11344.95,2025-04-16,pendiente,True,1
797,7,9,34748.520000000004,2025-11-09,pagado,True,1
798,24,65,22879.96,2025-06-02,pendiente,True,7
799,10,116,16932.06,2025-08-28,pagado,True,12
800,17,71,3324.03,2025-10-17,pendiente,True,1
801,28,79,47381.04,2025-04-26,cancelado,True,12
802,7,86,6480.92,2025-02-18,pendiente,True,1
803,13,43,1767.2400000000002,2025-06-04,cancelado,True,4
804,37,108,33447.18,2025-07-17,pendiente,True,2
805,32,35,2678.14,2025-09-21,cancelado,True,10
806,50,59,13818.41,2025-04-04,cancelado,True,1
807,22,96,52843.649999999994,2025-04-16,pagado,True,1
808,42,47,7826.86,2025-09-23,pagando,True,6
809,40,111,6833.12,2024-12-12,pagado,True,1
810,23,77,18970.34,2024-12-11,cancelado,True,1
811,15,42,26639.98,2025-01-08,pagando,True,1
812,18,44,26288.52,2025-01-08,pendiente,True,5
813,40,59,9616.23,2025-08-09,cancelado,True,1
814,10,112,5899.16,2024-11-13,pendiente,True,12
815,5,68,44254.399999999994,2025-10-01,pendiente,True,1
816,4,115,22712.52,2025-02-19,cancelado,True,1
817,31,67,4670.04,2025-08-29,cancelado,True,9
818,39,3,74807.6,2025-03-07,pagando,True,8
819,7,100,3736.08,2025-01-21,pagado,True,11
820,24,94,19530.350000000002,2025-08-23,pagando,True,1
821,29,42,1222.32,2025-10-21,cancelado,True,5
822,5,28,51606.3,2025-04-27,pendiente,True,11
823,25,51,1848.32,2025-02-25,pagado,True,10
824,17,23,252.73,2025-09-02,pendiente,True,1
825,26,23,8468.31,2024-12-04,cancelado,True,1
826,42,16,38897.4,2025-01-21,cancelado,True,1
827,48,6,35248.75,2025-04-05,pagado,True,1
828,19,10,28423.5,2025-08-23,cancelado,True,1
829,46,55,5294.1,2024-11-09,pagado,True,9
830,39,117,55592.36,2025-06-25,pendiente,True,2
831,29,83,26548.600000000002,2025-09-24,pagado,True,1
832,13,69,48025.32,2025-09-24,pendiente,True,1
833,10,1,24633.32,2024-11-11,cancelado,True,1
834,46,57,12721.02,2025-09-22,pendiente,True,1
835,10,7,13980.96,2025-04-27,cancelado,True,3
836,13,6,10483.800000000001,2025-07-13,pendiente,True,4
837,19,31,3095.2999999999997,2025-01-30,cancelado,True,8
838,10,81,5902.92,2025-01-01,pagado,True,5
839,1,104,2080.01,2025-07-25,pendiente,True,9
840,4,76,3100.31,2025-09-27,cancelado,True,9
841,49,117,3235.8,2025-07-08,cancelado,True,1
842,38,37,9858.84,2025-08-05,pendiente,True,1
843,20,1,24328.36,2025-05-15,pagando,True,8
844,45,38,23026.32,2025-04-05,pendiente,True,4
845,7,66,1952.3500000000001,2025-08-24,pendiente,True,1
846,5,64,2767.56,2025-05-27,pagando,True,12
847,31,8,6369.0,2025-02-22,pendiente,True,7
848,50,87,6746.43,2025-02-11,pendiente,True,5
849,40,40,11086.48,2025-07-09,cancelado,True,1
850,21,20,9953.2,2025-09-02,pagando,True,1
851,34,71,43904.36,2025-11-03,pendiente,True,1
852,9,63,2814.65,2025-10-03,pendiente,True,1
853,31,4,45725.44,2025-07-05,pagado,True,4
854,9,109,20808.88,2025-02-27,pagado,True,1
855,26,68,7974.24,2025-02-26,pagando,True,2
856,20,55,13865.08,2025-08-31,pagado,True,1
857,47,79,13558.4,2025-01-05,pagando,True,4
858,12,12,4768.68,2025-08-09,pagado,True,1
859,37,42,10833.599999999999,2025-02-19,pagado,True,1
860,32,62,25641.9,2025-02-20,pendiente,True,4
861,28,11,22303.24,2025-01-27,cancelado,True,5
862,12,99,56513.84,2025-10-25,pendiente,True,1
863,36,73,1623.79,2025-05-26,pagando,True,6
864,16,17,44927.28,2025-10-02,pagando,True,1
865,41,92,31080.100000000002,2025-10-31,pagando,True,1
866,32,53,11303.36,2025-03-17,pagando,True,3
867,8,120,18106.24,2025-06-06,pendiente,True,6
868,21,39,58256.1,2025-09-30,cancelado,True,2
869,42,67,1312.23,2025-01-07,cancelado,True,1
870,37,79,28553.399999999998,2025-09-06,pendiente,True,6
871,24,6,13930.98,2024-11-10,pendiente,True,1
872,33,116,836.6500000000001,2025-05-21,pagado,True,1
873,19,80,11568.72,2025-06-29,pagado,True,6
874,29,45,29009.56,2025-09-12,pagado,True,6
875,31,19,2493.78,2025-05-19,pagado,True,2
876,26,19,58867.08,2025-08-11,cancelado,True,6
877,1,82,4398.13,2025-10-18,pendiente,True,1
878,23,24,6647.0,2025-01-05,cancelado,True,1
879,17,45,65963.54999999999,2025-10-08,pagado,True,9
880,15,96,3789.04,2024-12-11,pagado,True,2
881,2,91,27315.02,2025-05-28,pagado,True,1
882,27,1,16433.48,2025-02-01,pendiente,True,1
883,28,5,42355.28,2025-10-07,cancelado,True,1
884,22,73,6946.41,2025-01-20,cancelado,True,1
885,49,60,28740.72,2025-11-09,cancelado,True,1
886,11,110,5104.39,2025-09-26,cancelado,True,1
887,44,71,9362.0,2025-09-13,pendiente,True,7
888,33,85,26241.24,2025-08-09,pagando,True,1
889,36,86,8684.28,2024-12-03,pendiente,True,3
890,36,23,7116.42,2025-08-09,pagado,True,7
891,33,12,29698.35,2025-01-02,pagando,True,8
892,43,103,33501.54,2025-06-04,cancelado,True,6
893,17,56,2773.58,2024-11-25,pagado,True,2
894,15,100,9499.38,2025-01-21,pagando,True,8
895,5,8,4809.24,2025-06-17,pagado,True,1
896,40,18,56360.96,2025-07-05,pendiente,True,1
897,9,87,12087.81,2025-01-07,cancelado,True,12
898,5,35,45566.28,2025-11-06,cancelado,True,1
899,47,82,5090.68,2024-11-20,pagando,True,1
900,47,120,57503.12,2025-07-12,pendiente,True,12
901,8,28,46262.55,2025-05-11,cancelado,True,9
902,36,51,2042.99,2025-08-16,pagado,True,4
903,20,87,58614.2,2025-02-28,pendiente,True,10
904,29,44,26915.04,2025-01-22,pendiente,True,1
905,8,7,2382.71,2025-04-20,pendiente,True,1
906,11,106,3781.86,2025-01-29,pendiente,True,1
907,14,94,20710.75,2025-10-09,pagando,True,1
908,28,35,31632.06,2025-08-04,cancelado,True,4
909,41,79,46298.32,2025-01-20,pagando,True,8
910,15,63,12454.349999999999,2024-12-09,pendiente,True,3
911,42,84,1351.7,2025-06-07,pagado,True,4
912,20,68,13864.199999999999,2025-06-01,cancelado,True,4
913,24,77,26092.88,2025-11-01,pagado,True,1
914,7,110,7574.25,2025-06-20,pagado,True,2
915,39,23,6764.66,2025-05-17,pagado,True,12
916,17,77,10142.68,2025-08-13,cancelado,True,9
917,40,26,29867.010000000002,2025-06-05,pagando,True,6
918,13,95,8498.04,2025-06-24,pagando,True,1
919,40,110,31590.44,2025-07-30,pagado,True,8
920,35,117,32316.81,2025-04-11,pendiente,True,8
921,2,70,46184.56,2025-05-24,pagado,True,1
922,40,109,16860.12,2025-07-30,pagando,True,10
923,48,120,8030.29,2025-10-29,pendiente,True,9
924,25,72,15429.16,2025-05-05,pendiente,True,1
925,22,88,27008.489999999998,2025-11-02,pendiente,True,1
926,22,28,65839.65,2025-09-06,pagado,True,1
927,33,90,30957.399999999998,2025-10-18,pendiente,True,1
928,38,58,17816.76,2025-01-08,pagando,True,1
929,16,95,21481.7,2025-07-29,pendiente,True,1
930,22,18,9241.72,2025-09-13,pendiente,True,1
931,40,3,8707.68,2025-01-26,cancelado,True,1
932,2,60,9840.87,2025-11-09,pagado,True,1
933,16,59,8337.24,2025-02-10,pagado,True,1
934,34,44,21387.0,2025-02-17,pagado,True,3
935,11,24,44062.0,2025-08-17,pagado,True,2
936,5,50,336.75,2025-02-05,pendiente,True,1
937,6,97,7892.36,2025-03-22,pendiente,True,1
938,31,33,3386.78,2025-05-23,pagando,True,1
939,4,77,21794.6,2025-05-04,pendiente,True,1
940,50,114,58686.28,2025-03-03,pagando,True,3
941,28,110,28599.68,2025-02-28,pagado,True,1
942,24,54,4165.75,2025-08-27,pendiente,True,7
943,41,28,4050.09,2025-05-20,cancelado,True,1
944,43,85,9792.98,2025-04-14,pagando,True,1
945,15,7,24694.3,2025-06-21,cancelado,True,1
946,3,74,45184.1,2025-07-08,pagando,True,9
947,37,46,27253.48,2025-02-11,pendiente,True,1
948,2,69,12746.04,2025-05-05,pagado,True,1
949,27,62,53252.299999999996,2025-02-20,pagado,True,12
950,36,41,10351.55,2025-01-07,pagando,True,7
951,2,35,14137.05,2025-06-21,pagando,True,1
952,14,29,50447.700000000004,2025-10-16,cancelado,True,1
953,27,86,10373.6,2025-05-20,pagando,True,1
954,38,63,51933.649999999994,2024-12-04,pagado,True,1
955,40,75,48531.12,2024-12-10,cancelado,True,1
956,6,66,70314.05,2025-06-30,pendiente,True,10
957,11,99,71099.6,2025-09-03,pendiente,True,2
958,43,14,7577.7,2025-11-08,pendiente,True,1
959,1,97,6351.22,2025-04-07,pendiente,True,7
960,31,10,37716.55,2025-04-03,pagado,True,1
961,37,58,12992.37,2025-10-20,pagando,True,1
962,5,5,37881.88,2025-04-01,pagando,True,6
963,42,114,26243.32,2025-01-07,pagando,True,9
964,18,6,70749.6,2025-07-11,pagando,True,1
965,31,114,11002.28,2025-04-02,pagando,True,1
966,35,100,5337.61,2025-08-23,pagado,True,1
967,27,27,28363.02,2025-05-27,pagado,True,1
968,46,80,21309.2,2025-01-19,pendiente,True,9
969,48,6,12838.5,2025-03-12,cancelado,True,1
970,6,55,39523.72,2025-08-10,pagado,True,1
971,27,116,14525.23,2025-09-06,pagado,True,1
972,30,16,18345.85,2024-12-19,pagado,True,3
973,31,80,42712.68,2025-07-01,pagado,True,1
974,2,51,10990.94,2025-09-20,cancelado,True,6
975,27,64,1839.68,2025-07-11,cancelado,True,7
976,11,104,26359.649999999998,2025-10-18,pagado,True,1
977,27,53,25872.08,2025-01-12,pagado,True,1
978,42,112,34125.100000000006,2025-02-17,pagando,True,3
979,46,66,13855.3,2025-04-14,cancelado,True,7
980,40,50,632.9,2025-05-18,pagado,True,1
981,5,82,42284.340000000004,2024-11-09,pagado,True,5
982,26,23,473.43,2025-06-02,pagado,True,1
983,34,1,51150.05,2024-12-17,pagado,True,1
984,50,2,547.61,2024-11-19,pendiente,True,3
985,7,109,1696.28,2024-11-11,cancelado,True,3
986,38,37,39433.4,2025-07-07,pendiente,True,7
987,50,105,6419.55,2024-12-13,pagando,True,1
988,24,102,12699.09,2025-03-06,pagado,True,1
989,35,33,6195.9,2024-12-25,pagando,True,1
990,34,71,13136.28,2025-04-27,pagado,True,1
991,27,60,12498.96,2024-11-26,pagado,True,7
992,43,50,13170.75,2025-04-21,pendiente,True,1
993,32,99,10067.92,2025-08-11,pendiente,True,1
994,23,68,10090.18,2025-09-20,pagado,True,12
995,7,120,14585.310000000001,2025-06-21,pagando,True,12
996,4,32,2874.06,2025-10-04,pagando,True,1
997,22,114,11171.42,2025-10-23,pendiente,True,1
998,42,111,22854.08,2025-10-25,cancelado,True,1
999,19,117,4339.7,2025-08-30,pagado,True,5
1000,42,64,12547.81,2025-04-12,pagado,True,10
