fecha,total_ventas,num_pedidos,promedio_pedido,porcentaje_credito,porcentaje_contado,mes,dia_semana,temporada
2022-11-12,33393.73,21,1590.18,0.43,0.57,11,5,0
2022-11-13,23753.09,21,1131.1,0.22,0.78,11,6,0
2022-11-14,65084.82,17,3828.52,0.6,0.4,11,0,0
2022-11-15,27160.15,7,3880.02,0.33,0.67,11,1,0
2022-11-16,18542.41,8,2317.8,0.34,0.66,11,2,0
2022-11-17,17933.02,15,1195.53,0.27,0.73,11,3,0
2022-11-18,94897.05,23,4125.96,0.3,0.7,11,4,0
2022-11-19,23316.1,23,1013.74,0.58,0.42,11,5,0
2022-11-20,90078.08,22,4094.46,0.42,0.58,11,6,0
2022-11-21,26356.36,15,1757.09,0.22,0.78,11,0,0
2022-11-22,22371.9,13,1720.92,0.53,0.47,11,1,0
2022-11-23,68470.81,15,4564.72,0.46,0.54,11,2,0
2022-11-24,56795.89,18,3155.33,0.33,0.67,11,3,0
2022-11-25,10013.0,10,1001.3,0.32,0.68,11,4,0
2022-11-26,93589.1,19,4925.74,0.36,0.64,11,5,0
2022-11-27,92124.9,19,4848.68,0.47,0.53,11,6,0
2022-11-28,28273.56,10,2827.36,0.4,0.6,11,0,0
2022-11-29,51352.91,15,3423.53,0.2,0.8,11,1,0
2022-11-30,14200.49,7,2028.64,0.23,0.77,11,2,0
2022-12-01,107417.68,29,3704.06,0.47,0.53,12,3,1
2022-12-02,137316.96,29,4735.07,0.3,0.7,12,4,1
2022-12-03,149641.43,30,4988.05,0.3,0.7,12,5,1
2022-12-04,81785.13,20,4089.26,0.57,0.43,12,6,1
2022-12-05,54860.12,22,2493.64,0.47,0.53,12,0,1
2022-12-06,97930.32,25,3917.21,0.43,0.57,12,1,1
2022-12-07,102648.05,29,3539.59,0.57,0.43,12,2,1
2022-12-08,77404.9,32,2418.9,0.27,0.73,12,3,1
2022-12-09,122531.36,29,4225.22,0.34,0.66,12,4,1
2022-12-10,105221.51,29,3628.33,0.27,0.73,12,5,1
2022-12-11,100449.03,30,3348.3,0.49,0.51,12,6,1
2022-12-12,26678.71,20,1333.94,0.25,0.75,12,0,1
2022-12-13,21253.02,16,1328.31,0.43,0.57,12,1,1
2022-12-14,89282.51,20,4464.13,0.55,0.45,12,2,1
2022-12-15,94695.2,31,3054.68,0.52,0.48,12,3,1
2022-12-16,34307.86,27,1270.66,0.36,0.64,12,4,1
2022-12-17,35225.51,26,1354.83,0.3,0.7,12,5,1
2022-12-18,120456.3,25,4818.25,0.22,0.78,12,6,1
2022-12-19,46457.89,20,2322.89,0.42,0.58,12,0,1
2022-12-20,158636.79,32,4957.4,0.5,0.5,12,1,1
2022-12-21,64874.81,24,2703.12,0.56,0.44,12,2,1
2022-12-22,49921.84,15,3328.12,0.21,0.79,12,3,1
2022-12-23,45515.05,29,1569.48,0.46,0.54,12,4,1
2022-12-24,81558.51,32,2548.7,0.48,0.52,12,5,1
2022-12-25,185922.63,40,4648.07,0.29,0.71,12,6,1
2022-12-26,24302.52,13,1869.42,0.59,0.41,12,0,1
2022-12-27,50398.66,25,2015.95,0.26,0.74,12,1,1
2022-12-28,129320.38,26,4973.86,0.58,0.42,12,2,1
2022-12-29,123535.47,35,3529.58,0.46,0.54,12,3,1
2022-12-30,36716.83,30,1223.89,0.55,0.45,12,4,1
2022-12-31,78541.05,37,2122.73,0.55,0.45,12,5,1
2023-01-01,52609.32,17,3094.67,0.4,0.6,1,6,0
2023-01-02,17017.57,17,1001.03,0.53,0.47,1,0,0
2023-01-03,40282.95,19,2120.16,0.21,0.79,1,1,0
2023-01-04,21816.89,10,2181.69,0.25,0.75,1,2,0
2023-01-05,68925.32,17,4054.43,0.54,0.46,1,3,0
2023-01-06,56801.09,17,3341.24,0.31,0.69,1,4,0
2023-01-07,36656.33,22,1666.2,0.43,0.57,1,5,0
2023-01-08,82822.08,18,4601.23,0.2,0.8,1,6,0
2023-01-09,20347.26,20,1017.36,0.43,0.57,1,0,0
2023-01-10,86205.28,19,4537.12,0.41,0.59,1,1,0
2023-01-11,11882.06,10,1188.21,0.25,0.75,1,2,0
2023-01-12,32637.65,11,2967.06,0.34,0.66,1,3,0
2023-01-13,43478.49,15,2898.57,0.48,0.52,1,4,0
2023-01-14,68521.81,19,3606.41,0.55,0.45,1,5,0
2023-01-15,12876.07,16,804.75,0.33,0.67,1,6,0
2023-01-16,21206.13,18,1178.12,0.52,0.48,1,0,0
2023-01-17,35259.82,11,3205.44,0.22,0.78,1,1,0
2023-01-18,94791.74,19,4989.04,0.33,0.67,1,2,0
2023-01-19,49490.85,14,3535.06,0.37,0.63,1,3,0
2023-01-20,18001.98,13,1384.77,0.39,0.61,1,4,0
2023-01-21,78655.33,19,4139.75,0.32,0.68,1,5,0
2023-01-22,97590.61,31,3148.08,0.51,0.49,1,6,0
2023-01-23,40827.29,17,2401.61,0.42,0.58,1,0,0
2023-01-24,44289.95,20,2214.5,0.51,0.49,1,1,0
2023-01-25,69094.58,18,3838.59,0.36,0.64,1,2,0
2023-01-26,64348.41,17,3785.2,0.59,0.41,1,3,0
2023-01-27,22790.92,17,1340.64,0.2,0.8,1,4,0
2023-01-28,74364.61,20,3718.23,0.51,0.49,1,5,0
2023-01-29,62014.16,17,3647.89,0.44,0.56,1,6,0
2023-01-30,85584.62,19,4504.45,0.2,0.8,1,0,0
2023-01-31,49450.68,14,3532.19,0.45,0.55,1,1,0
2023-02-01,48153.3,13,3704.1,0.57,0.43,2,2,0
2023-02-02,20509.2,11,1864.47,0.57,0.43,2,3,0
2023-02-03,61632.88,15,4108.86,0.59,0.41,2,4,0
2023-02-04,25055.87,16,1565.99,0.47,0.53,2,5,0
2023-02-05,98164.34,20,4908.22,0.27,0.73,2,6,0
2023-02-06,20193.52,15,1346.23,0.47,0.53,2,0,0
2023-02-07,15268.0,17,898.12,0.35,0.65,2,1,0
2023-02-08,14836.36,11,1348.76,0.2,0.8,2,2,0
2023-02-09,20006.8,12,1667.23,0.28,0.72,2,3,0
2023-02-10,37562.8,16,2347.68,0.43,0.57,2,4,0
2023-02-11,45963.09,17,2703.71,0.52,0.48,2,5,0
2023-02-12,32655.46,16,2040.97,0.38,0.62,2,6,0
2023-02-13,79042.0,18,4391.22,0.56,0.44,2,0,0
2023-02-14,59693.32,14,4263.81,0.2,0.8,2,1,0
2023-02-15,17754.23,8,2219.28,0.57,0.43,2,2,0
2023-02-16,1941.3,1,1941.3,0.21,0.79,2,3,0
2023-02-17,54820.97,11,4983.72,0.47,0.53,2,4,0
2023-02-18,87355.58,29,3012.26,0.53,0.47,2,5,0
2023-02-19,14141.12,17,831.83,0.36,0.64,2,6,0
2023-02-20,13244.5,12,1103.71,0.42,0.58,2,0,0
2023-02-21,63400.95,16,3962.56,0.49,0.51,2,1,0
2023-02-22,38667.31,16,2416.71,0.33,0.67,2,2,0
2023-02-23,35801.84,13,2753.99,0.55,0.45,2,3,0
2023-02-24,38632.57,16,2414.54,0.32,0.68,2,4,0
2023-02-25,24397.41,18,1355.41,0.24,0.76,2,5,0
2023-02-26,24319.34,26,935.36,0.51,0.49,2,6,0
2023-02-27,43069.56,10,4306.96,0.45,0.55,2,0,0
2023-02-28,37221.24,12,3101.77,0.34,0.66,2,1,0
2023-03-01,7474.34,9,830.48,0.24,0.76,3,2,0
2023-03-02,78976.14,19,4156.64,0.38,0.62,3,3,0
2023-03-03,88395.98,22,4018.0,0.37,0.63,3,4,0
2023-03-04,75204.26,22,3418.38,0.45,0.55,3,5,0
2023-03-05,37390.36,19,1967.91,0.6,0.4,3,6,0
2023-03-06,13117.71,12,1093.14,0.59,0.41,3,0,0
2023-03-07,49949.99,13,3842.31,0.5,0.5,3,1,0
2023-03-08,42348.16,18,2352.68,0.56,0.44,3,2,0
2023-03-09,60591.93,16,3787.0,0.45,0.55,3,3,0
2023-03-10,30657.89,11,2787.08,0.35,0.65,3,4,0
2023-03-11,78401.27,16,4900.08,0.36,0.64,3,5,0
2023-03-12,37163.01,14,2654.5,0.22,0.78,3,6,0
2023-03-13,60459.43,14,4318.53,0.55,0.45,3,0,0
2023-03-14,40026.91,16,2501.68,0.47,0.53,3,1,0
2023-03-15,59108.61,25,2364.34,0.52,0.48,3,2,0
2023-03-16,15426.37,19,811.91,0.54,0.46,3,3,0
2023-03-17,75696.49,16,4731.03,0.28,0.72,3,4,0
2023-03-18,50737.45,20,2536.87,0.33,0.67,3,5,0
2023-03-19,18055.51,19,950.29,0.22,0.78,3,6,0
2023-03-20,50351.36,13,3873.18,0.3,0.7,3,0,0
2023-03-21,32965.43,17,1939.14,0.22,0.78,3,1,0
2023-03-22,58222.62,16,3638.91,0.38,0.62,3,2,0
2023-03-23,35040.1,19,1844.22,0.55,0.45,3,3,0
2023-03-24,32592.99,13,2507.15,0.29,0.71,3,4,0
2023-03-25,34197.06,20,1709.85,0.31,0.69,3,5,0
2023-03-26,90310.72,20,4515.54,0.27,0.73,3,6,0
2023-03-27,37434.27,10,3743.43,0.52,0.48,3,0,0
2023-03-28,23893.88,10,2389.39,0.25,0.75,3,1,0
2023-03-29,32171.26,10,3217.13,0.41,0.59,3,2,0
2023-03-30,40203.5,15,2680.23,0.48,0.52,3,3,0
2023-03-31,29983.68,10,2998.37,0.32,0.68,3,4,0
2023-04-01,17757.26,17,1044.54,0.25,0.75,4,5,0
2023-04-02,55204.71,26,2123.26,0.43,0.57,4,6,0
2023-04-03,11271.19,5,2254.24,0.57,0.43,4,0,0
2023-04-04,71923.72,15,4794.91,0.58,0.42,4,1,0
2023-04-05,28542.9,11,2594.81,0.45,0.55,4,2,0
2023-04-06,18791.78,15,1252.79,0.22,0.78,4,3,0
2023-04-07,102755.64,22,4670.71,0.24,0.76,4,4,0
2023-04-08,96042.76,25,3841.71,0.24,0.76,4,5,0
2023-04-09,25540.82,21,1216.23,0.22,0.78,4,6,0
2023-04-10,75897.39,21,3614.16,0.5,0.5,4,0,0
2023-04-11,46603.24,18,2589.07,0.2,0.8,4,1,0
2023-04-12,19498.17,13,1499.86,0.44,0.56,4,2,0
2023-04-13,30050.09,13,2311.55,0.5,0.5,4,3,0
2023-04-14,57162.12,15,3810.81,0.23,0.77,4,4,0
2023-04-15,84605.06,21,4028.81,0.48,0.52,4,5,0
2023-04-16,76898.49,17,4523.44,0.37,0.63,4,6,0
2023-04-17,16764.13,13,1289.55,0.37,0.63,4,0,0
2023-04-18,8459.91,9,939.99,0.25,0.75,4,1,0
2023-04-19,51708.45,18,2872.69,0.3,0.7,4,2,0
2023-04-20,23482.58,14,1677.33,0.21,0.79,4,3,0
2023-04-21,51091.16,13,3930.09,0.44,0.56,4,4,0
2023-04-22,42385.15,16,2649.07,0.2,0.8,4,5,0
2023-04-23,14507.77,13,1115.98,0.3,0.7,4,6,0
2023-04-24,92079.21,21,4384.72,0.35,0.65,4,0,0
2023-04-25,37247.88,8,4655.98,0.36,0.64,4,1,0
2023-04-26,43882.27,17,2581.31,0.36,0.64,4,2,0
2023-04-27,66561.0,20,3328.05,0.46,0.54,4,3,0
2023-04-28,21323.97,10,2132.4,0.59,0.41,4,4,0
2023-04-29,131998.33,30,4399.94,0.39,0.61,4,5,0
2023-04-30,84484.06,23,3673.22,0.27,0.73,4,6,0
2023-05-01,75872.51,17,4463.09,0.3,0.7,5,0,0
2023-05-02,23162.43,13,1781.73,0.48,0.52,5,1,0
2023-05-03,52320.41,13,4024.65,0.55,0.45,5,2,0
2023-05-04,62453.18,23,2715.36,0.48,0.52,5,3,0
2023-05-05,20017.88,19,1053.57,0.57,0.43,5,4,0
2023-05-06,56987.22,19,2999.33,0.22,0.78,5,5,0
2023-05-07,61845.52,20,3092.28,0.41,0.59,5,6,0
2023-05-08,32222.03,16,2013.88,0.34,0.66,5,0,0
2023-05-09,6959.02,8,869.88,0.57,0.43,5,1,0
2023-05-10,20446.66,8,2555.83,0.3,0.7,5,2,0
2023-05-11,20116.22,11,1828.75,0.35,0.65,5,3,0
2023-05-12,17070.91,11,1551.9,0.56,0.44,5,4,0
2023-05-13,64486.53,17,3793.33,0.39,0.61,5,5,0
2023-05-14,68411.11,18,3800.62,0.59,0.41,5,6,0
2023-05-15,55040.92,17,3237.7,0.29,0.71,5,0,0
2023-05-16,47870.59,14,3419.33,0.56,0.44,5,1,0
2023-05-17,12421.73,14,887.27,0.41,0.59,5,2,0
2023-05-18,23995.46,20,1199.77,0.21,0.79,5,3,0
2023-05-19,6985.01,5,1397.0,0.43,0.57,5,4,0
2023-05-20,41413.31,24,1725.55,0.54,0.46,5,5,0
2023-05-21,42816.1,20,2140.8,0.58,0.42,5,6,0
2023-05-22,85930.04,18,4773.89,0.45,0.55,5,0,0
2023-05-23,74548.22,23,3241.23,0.57,0.43,5,1,0
2023-05-24,9677.48,10,967.75,0.36,0.64,5,2,0
2023-05-25,51507.82,21,2452.75,0.55,0.45,5,3,0
2023-05-26,82295.43,17,4840.91,0.3,0.7,5,4,0
2023-05-27,97079.26,21,4622.82,0.44,0.56,5,5,0
2023-05-28,94431.75,21,4496.75,0.54,0.46,5,6,0
2023-05-29,61305.89,13,4715.84,0.57,0.43,5,0,0
2023-05-30,14044.39,12,1170.37,0.42,0.58,5,1,0
2023-05-31,49128.45,20,2456.42,0.39,0.61,5,2,0
2023-06-01,49065.85,13,3774.3,0.39,0.61,6,3,0
2023-06-02,38938.2,9,4326.47,0.32,0.68,6,4,0
2023-06-03,72595.73,17,4270.34,0.34,0.66,6,5,0
2023-06-04,111707.58,23,4856.85,0.45,0.55,6,6,0
2023-06-05,59951.41,15,3996.76,0.39,0.61,6,0,0
2023-06-06,35425.75,25,1417.03,0.29,0.71,6,1,0
2023-06-07,60852.22,14,4346.59,0.49,0.51,6,2,0
2023-06-08,77157.69,23,3354.68,0.55,0.45,6,3,0
2023-06-09,22297.63,17,1311.63,0.57,0.43,6,4,0
2023-06-10,61841.36,20,3092.07,0.46,0.54,6,5,0
2023-06-11,66675.55,17,3922.09,0.32,0.68,6,6,0
2023-06-12,25154.59,14,1796.76,0.32,0.68,6,0,0
2023-06-13,53082.05,12,4423.5,0.42,0.58,6,1,0
2023-06-14,25391.44,14,1813.67,0.31,0.69,6,2,0
2023-06-15,32393.78,14,2313.84,0.59,0.41,6,3,0
2023-06-16,87980.04,19,4630.53,0.36,0.64,6,4,0
2023-06-17,35670.57,19,1877.4,0.56,0.44,6,5,0
2023-06-18,24078.86,18,1337.71,0.21,0.79,6,6,0
2023-06-19,47985.14,12,3998.76,0.46,0.54,6,0,0
2023-06-20,25613.98,10,2561.4,0.59,0.41,6,1,0
2023-06-21,10788.15,12,899.01,0.22,0.78,6,2,0
2023-06-22,90501.87,19,4763.26,0.45,0.55,6,3,0
2023-06-23,91414.45,19,4811.29,0.54,0.46,6,4,0
2023-06-24,62212.89,15,4147.53,0.59,0.41,6,5,0
2023-06-25,55669.13,22,2530.41,0.4,0.6,6,6,0
2023-06-26,34429.43,9,3825.49,0.43,0.57,6,0,0
2023-06-27,12409.9,8,1551.24,0.35,0.65,6,1,0
2023-06-28,32838.82,11,2985.35,0.21,0.79,6,2,0
2023-06-29,37910.98,21,1805.28,0.26,0.74,6,3,0
2023-06-30,12393.23,7,1770.46,0.36,0.64,6,4,0
2023-07-01,68024.3,32,2125.76,0.34,0.66,7,5,1
2023-07-02,61869.25,31,1995.78,0.36,0.64,7,6,1
2023-07-03,56228.1,12,4685.68,0.27,0.73,7,0,1
2023-07-04,79265.64,28,2830.92,0.27,0.73,7,1,1
2023-07-05,16485.18,18,915.84,0.28,0.72,7,2,1
2023-07-06,117136.1,24,4880.67,0.58,0.42,7,3,1
2023-07-07,46499.11,20,2324.96,0.59,0.41,7,4,1
2023-07-08,135514.4,34,3985.72,0.39,0.61,7,5,1
2023-07-09,149362.87,30,4978.76,0.35,0.65,7,6,1
2023-07-10,122982.55,33,3726.74,0.32,0.68,7,0,1
2023-07-11,30110.54,28,1075.38,0.29,0.71,7,1,1
2023-07-12,84635.73,23,3679.81,0.43,0.57,7,2,1
2023-07-13,132716.57,31,4281.18,0.3,0.7,7,3,1
2023-07-14,144723.09,31,4668.49,0.23,0.77,7,4,1
2023-07-15,63437.77,20,3171.89,0.26,0.74,7,5,1
2023-07-16,124767.02,29,4302.31,0.5,0.5,7,6,1
2023-07-17,123846.78,25,4953.87,0.36,0.64,7,0,1
2023-07-18,22307.79,27,826.21,0.35,0.65,7,1,1
2023-07-19,46739.52,27,1731.09,0.55,0.45,7,2,1
2023-07-20,82255.5,23,3576.33,0.44,0.56,7,3,1
2023-07-21,101810.34,28,3636.08,0.32,0.68,7,4,1
2023-07-22,22163.05,21,1055.38,0.32,0.68,7,5,1
2023-07-23,64177.42,23,2790.32,0.53,0.47,7,6,1
2023-07-24,129538.84,30,4317.96,0.3,0.7,7,0,1
2023-07-25,24675.04,28,881.25,0.23,0.77,7,1,1
2023-07-26,40241.74,26,1547.76,0.59,0.41,7,2,1
2023-07-27,30345.33,29,1046.39,0.41,0.59,7,3,1
2023-07-28,37282.56,20,1864.13,0.29,0.71,7,4,1
2023-07-29,121640.4,38,3201.06,0.3,0.7,7,5,1
2023-07-30,24976.35,27,925.05,0.39,0.61,7,6,1
2023-07-31,56488.58,19,2973.08,0.58,0.42,7,0,1
2023-08-01,43852.74,12,3654.39,0.29,0.71,8,1,0
2023-08-02,56915.96,21,2710.28,0.59,0.41,8,2,0
2023-08-03,18666.08,15,1244.41,0.37,0.63,8,3,0
2023-08-04,16103.0,11,1463.91,0.26,0.74,8,4,0
2023-08-05,61645.1,21,2935.48,0.29,0.71,8,5,0
2023-08-06,74549.36,24,3106.22,0.24,0.76,8,6,0
2023-08-07,24100.12,14,1721.44,0.5,0.5,8,0,0
2023-08-08,12455.96,13,958.15,0.37,0.63,8,1,0
2023-08-09,76094.3,23,3308.45,0.43,0.57,8,2,0
2023-08-10,34338.21,18,1907.68,0.42,0.58,8,3,0
2023-08-11,27478.95,8,3434.87,0.52,0.48,8,4,0
2023-08-12,99178.48,23,4312.11,0.59,0.41,8,5,0
2023-08-13,118088.83,26,4541.88,0.38,0.62,8,6,0
2023-08-14,25972.36,20,1298.62,0.52,0.48,8,0,0
2023-08-15,63668.69,21,3031.84,0.5,0.5,8,1,0
2023-08-16,37781.74,15,2518.78,0.53,0.47,8,2,0
2023-08-17,36086.52,13,2775.89,0.36,0.64,8,3,0
2023-08-18,41833.53,20,2091.68,0.41,0.59,8,4,0
2023-08-19,20839.75,21,992.37,0.56,0.44,8,5,0
2023-08-20,86912.25,18,4828.46,0.36,0.64,8,6,0
2023-08-21,22995.06,9,2555.01,0.33,0.67,8,0,0
2023-08-22,47571.1,19,2503.74,0.43,0.57,8,1,0
2023-08-23,74321.28,17,4371.84,0.31,0.69,8,2,0
2023-08-24,44017.9,17,2589.29,0.47,0.53,8,3,0
2023-08-25,16880.62,14,1205.76,0.22,0.78,8,4,0
2023-08-26,21938.48,24,914.1,0.33,0.67,8,5,0
2023-08-27,31691.9,29,1092.82,0.25,0.75,8,6,0
2023-08-28,41718.27,14,2979.88,0.41,0.59,8,0,0
2023-08-29,14121.18,16,882.57,0.54,0.46,8,1,0
2023-08-30,44609.82,9,4956.65,0.38,0.62,8,2,0
2023-08-31,54665.21,14,3904.66,0.53,0.47,8,3,0
2023-09-01,63672.16,17,3745.42,0.42,0.58,9,4,0
2023-09-02,85574.57,18,4754.14,0.21,0.79,9,5,0
2023-09-03,73663.46,15,4910.9,0.37,0.63,9,6,0
2023-09-04,70632.23,22,3210.56,0.45,0.55,9,0,0
2023-09-05,29859.0,14,2132.79,0.47,0.53,9,1,0
2023-09-06,31866.68,17,1874.51,0.27,0.73,9,2,0
2023-09-07,48144.24,20,2407.21,0.33,0.67,9,3,0
2023-09-08,16255.45,9,1806.16,0.57,0.43,9,4,0
2023-09-09,111836.4,23,4862.45,0.4,0.6,9,5,0
2023-09-10,41581.56,22,1890.07,0.53,0.47,9,6,0
2023-09-11,12551.0,12,1045.92,0.34,0.66,9,0,0
2023-09-12,40312.27,16,2519.52,0.41,0.59,9,1,0
2023-09-13,41616.61,18,2312.03,0.55,0.45,9,2,0
2023-09-14,53114.58,14,3793.9,0.5,0.5,9,3,0
2023-09-15,21276.67,11,1934.24,0.24,0.76,9,4,0
2023-09-16,56761.12,23,2467.87,0.49,0.51,9,5,0
2023-09-17,77754.56,20,3887.73,0.37,0.63,9,6,0
2023-09-18,11074.82,13,851.91,0.55,0.45,9,0,0
2023-09-19,57065.81,17,3356.81,0.51,0.49,9,1,0
2023-09-20,16568.34,4,4142.08,0.24,0.76,9,2,0
2023-09-21,49835.49,20,2491.77,0.44,0.56,9,3,0
2023-09-22,78271.95,16,4892.0,0.33,0.67,9,4,0
2023-09-23,58953.5,17,3467.85,0.51,0.49,9,5,0
2023-09-24,82683.91,20,4134.2,0.43,0.57,9,6,0
2023-09-25,53315.01,14,3808.22,0.23,0.77,9,0,0
2023-09-26,56918.07,16,3557.38,0.59,0.41,9,1,0
2023-09-27,62472.64,13,4805.59,0.26,0.74,9,2,0
2023-09-28,32260.1,18,1792.23,0.26,0.74,9,3,0
2023-09-29,26684.08,8,3335.51,0.54,0.46,9,4,0
2023-09-30,99191.95,22,4508.73,0.44,0.56,9,5,0
2023-10-01,58820.34,16,3676.27,0.44,0.56,10,6,0
2023-10-02,60174.35,20,3008.72,0.33,0.67,10,0,0
2023-10-03,58176.49,12,4848.04,0.41,0.59,10,1,0
2023-10-04,8398.76,9,933.2,0.42,0.58,10,2,0
2023-10-05,56433.87,16,3527.12,0.47,0.53,10,3,0
2023-10-06,21923.32,13,1686.41,0.2,0.8,10,4,0
2023-10-07,28454.49,10,2845.45,0.24,0.76,10,5,0
2023-10-08,22939.54,18,1274.42,0.44,0.56,10,6,0
2023-10-09,8250.58,8,1031.32,0.37,0.63,10,0,0
2023-10-10,69474.27,20,3473.71,0.32,0.68,10,1,0
2023-10-11,52656.63,16,3291.04,0.29,0.71,10,2,0
2023-10-12,34928.88,10,3492.89,0.57,0.43,10,3,0
2023-10-13,52682.44,18,2926.8,0.25,0.75,10,4,0
2023-10-14,68145.98,14,4867.57,0.33,0.67,10,5,0
2023-10-15,52438.39,19,2759.92,0.26,0.74,10,6,0
2023-10-16,40796.27,13,3138.17,0.42,0.58,10,0,0
2023-10-17,46442.77,17,2731.93,0.5,0.5,10,1,0
2023-10-18,18045.7,14,1288.98,0.36,0.64,10,2,0
2023-10-19,42147.0,9,4683.0,0.28,0.72,10,3,0
2023-10-20,27805.59,12,2317.13,0.27,0.73,10,4,0
2023-10-21,30741.4,16,1921.34,0.36,0.64,10,5,0
2023-10-22,14882.87,18,826.83,0.2,0.8,10,6,0
2023-10-23,57242.05,12,4770.17,0.24,0.76,10,0,0
2023-10-24,53204.28,13,4092.64,0.48,0.52,10,1,0
2023-10-25,61892.57,15,4126.17,0.28,0.72,10,2,0
2023-10-26,24983.09,14,1784.51,0.24,0.76,10,3,0
2023-10-27,86195.44,18,4788.64,0.58,0.42,10,4,0
2023-10-28,63685.99,18,3538.11,0.57,0.43,10,5,0
2023-10-29,14918.52,18,828.81,0.5,0.5,10,6,0
2023-10-30,13405.14,16,837.82,0.44,0.56,10,0,0
2023-10-31,24074.06,15,1604.94,0.46,0.54,10,1,0
2023-11-01,92580.25,21,4408.58,0.42,0.58,11,2,0
2023-11-02,61685.72,14,4406.12,0.51,0.49,11,3,0
2023-11-03,33212.32,11,3019.3,0.59,0.41,11,4,0
2023-11-04,22583.93,18,1254.66,0.6,0.4,11,5,0
2023-11-05,37133.59,21,1768.27,0.58,0.42,11,6,0
2023-11-06,16770.07,15,1118.0,0.29,0.71,11,0,0
2023-11-07,6335.24,6,1055.87,0.53,0.47,11,1,0
2023-11-08,44526.59,9,4947.4,0.26,0.74,11,2,0
2023-11-09,23935.19,12,1994.6,0.37,0.63,11,3,0
2023-11-10,54688.87,13,4206.84,0.41,0.59,11,4,0
2023-11-11,23904.7,26,919.41,0.25,0.75,11,5,0
2023-11-12,20484.52,22,931.11,0.44,0.56,11,6,0
2023-11-13,11667.44,8,1458.43,0.38,0.62,11,0,0
2023-11-14,41589.87,12,3465.82,0.25,0.75,11,1,0
2023-11-15,18514.93,16,1157.18,0.29,0.71,11,2,0
2023-11-16,53504.1,13,4115.7,0.28,0.72,11,3,0
2023-11-17,50219.33,15,3347.96,0.53,0.47,11,4,0
2023-11-18,56750.69,16,3546.92,0.47,0.53,11,5,0
2023-11-19,66059.59,25,2642.38,0.44,0.56,11,6,0
2023-11-20,39801.17,16,2487.57,0.25,0.75,11,0,0
2023-11-21,39907.3,10,3990.73,0.36,0.64,11,1,0
2023-11-22,79521.48,19,4185.34,0.55,0.45,11,2,0
2023-11-23,30525.41,9,3391.71,0.58,0.42,11,3,0
2023-11-24,67416.01,15,4494.4,0.32,0.68,11,4,0
2023-11-25,47154.2,19,2481.8,0.4,0.6,11,5,0
2023-11-26,48644.75,16,3040.3,0.58,0.42,11,6,0
2023-11-27,38748.77,13,2980.67,0.27,0.73,11,0,0
2023-11-28,11567.63,7,1652.52,0.24,0.76,11,1,0
2023-11-29,36505.13,22,1659.32,0.56,0.44,11,2,0
2023-11-30,59113.03,12,4926.09,0.36,0.64,11,3,0
2023-12-01,13514.71,7,1930.67,0.42,0.58,12,4,1
2023-12-02,99127.68,36,2753.55,0.58,0.42,12,5,1
2023-12-03,164979.52,33,4999.38,0.38,0.62,12,6,1
2023-12-04,48567.16,28,1734.54,0.35,0.65,12,0,1
2023-12-05,96379.65,29,3323.44,0.52,0.48,12,1,1
2023-12-06,28800.92,24,1200.04,0.31,0.69,12,2,1
2023-12-07,35966.15,29,1240.21,0.29,0.71,12,3,1
2023-12-08,41230.52,27,1527.06,0.59,0.41,12,4,1
2023-12-09,59828.53,31,1929.95,0.36,0.64,12,5,1
2023-12-10,25188.65,29,868.57,0.55,0.45,12,6,1
2023-12-11,44637.54,21,2125.6,0.37,0.63,12,0,1
2023-12-12,78859.46,27,2920.72,0.41,0.59,12,1,1
2023-12-13,74730.76,23,3249.16,0.55,0.45,12,2,1
2023-12-14,30572.51,16,1910.78,0.57,0.43,12,3,1
2023-12-15,48617.81,23,2113.82,0.34,0.66,12,4,1
2023-12-16,65927.01,34,1939.03,0.34,0.66,12,5,1
2023-12-17,86350.03,29,2977.59,0.4,0.6,12,6,1
2023-12-18,131430.5,28,4693.95,0.53,0.47,12,0,1
2023-12-19,96296.44,24,4012.35,0.59,0.41,12,1,1
2023-12-20,109114.04,24,4546.42,0.55,0.45,12,2,1
2023-12-21,25989.67,31,838.38,0.41,0.59,12,3,1
2023-12-22,107385.45,35,3068.16,0.47,0.53,12,4,1
2023-12-23,106248.59,22,4829.48,0.24,0.76,12,5,1
2023-12-24,84071.82,33,2547.63,0.52,0.48,12,6,1
2023-12-25,64728.78,22,2942.22,0.56,0.44,12,0,1
2023-12-26,108552.38,27,4020.46,0.5,0.5,12,1,1
2023-12-27,57704.55,25,2308.18,0.22,0.78,12,2,1
2023-12-28,54737.73,37,1479.4,0.58,0.42,12,3,1
2023-12-29,63188.2,25,2527.53,0.43,0.57,12,4,1
2023-12-30,101940.1,34,2998.24,0.41,0.59,12,5,1
2023-12-31,104068.03,34,3060.82,0.57,0.43,12,6,1
2024-01-01,74106.61,20,3705.33,0.5,0.5,1,0,0
2024-01-02,30648.99,14,2189.21,0.44,0.56,1,1,0
2024-01-03,46440.94,17,2731.82,0.4,0.6,1,2,0
2024-01-04,38689.98,12,3224.17,0.55,0.45,1,3,0
2024-01-05,15314.27,15,1020.95,0.33,0.67,1,4,0
2024-01-06,55814.14,21,2657.82,0.23,0.77,1,5,0
2024-01-07,61475.27,24,2561.47,0.47,0.53,1,6,0
2024-01-08,25508.33,17,1500.49,0.55,0.45,1,0,0
2024-01-09,113503.94,24,4729.33,0.36,0.64,1,1,0
2024-01-10,42440.6,17,2496.51,0.45,0.55,1,2,0
2024-01-11,39262.6,23,1707.07,0.54,0.46,1,3,0
2024-01-12,69118.79,16,4319.92,0.51,0.49,1,4,0
2024-01-13,60823.8,21,2896.37,0.21,0.79,1,5,0
2024-01-14,61198.32,13,4707.56,0.26,0.74,1,6,0
2024-01-15,43149.85,20,2157.49,0.29,0.71,1,0,0
2024-01-16,12852.51,13,988.65,0.25,0.75,1,1,0
2024-01-17,71622.77,18,3979.04,0.51,0.49,1,2,0
2024-01-18,82580.69,17,4857.69,0.36,0.64,1,3,0
2024-01-19,36053.43,15,2403.56,0.43,0.57,1,4,0
2024-01-20,23046.15,18,1280.34,0.57,0.43,1,5,0
2024-01-21,108069.4,23,4698.67,0.52,0.48,1,6,0
2024-01-22,17136.28,12,1428.02,0.59,0.41,1,0,0
2024-01-23,49949.93,17,2938.23,0.33,0.67,1,1,0
2024-01-24,79429.09,17,4672.3,0.25,0.75,1,2,0
2024-01-25,15554.15,11,1414.01,0.21,0.79,1,3,0
2024-01-26,33776.97,15,2251.8,0.52,0.48,1,4,0
2024-01-27,68853.48,20,3442.67,0.27,0.73,1,5,0
2024-01-28,52290.8,19,2752.15,0.36,0.64,1,6,0
2024-01-29,21106.53,13,1623.58,0.47,0.53,1,0,0
2024-01-30,12908.46,8,1613.56,0.26,0.74,1,1,0
2024-01-31,72070.61,15,4804.71,0.26,0.74,1,2,0
2024-02-01,9452.42,9,1050.27,0.33,0.67,2,3,0
2024-02-02,8142.84,10,814.28,0.51,0.49,2,4,0
2024-02-03,47239.72,20,2361.99,0.43,0.57,2,5,0
2024-02-04,20250.82,15,1350.05,0.42,0.58,2,6,0
2024-02-05,22320.45,17,1312.97,0.23,0.77,2,0,0
2024-02-06,29490.19,9,3276.69,0.43,0.57,2,1,0
2024-02-07,26066.97,14,1861.93,0.31,0.69,2,2,0
2024-02-08,45937.88,19,2417.78,0.47,0.53,2,3,0
2024-02-09,43745.07,14,3124.65,0.59,0.41,2,4,0
2024-02-10,40087.92,22,1822.18,0.5,0.5,2,5,0
2024-02-11,24546.57,21,1168.88,0.26,0.74,2,6,0
2024-02-12,13303.57,9,1478.17,0.51,0.49,2,0,0
2024-02-13,43072.39,10,4307.24,0.36,0.64,2,1,0
2024-02-14,74166.22,22,3371.19,0.51,0.49,2,2,0
2024-02-15,43081.32,13,3313.95,0.34,0.66,2,3,0
2024-02-16,38701.27,15,2580.08,0.32,0.68,2,4,0
2024-02-17,10750.15,13,826.93,0.43,0.57,2,5,0
2024-02-18,53413.09,17,3141.95,0.29,0.71,2,6,0
2024-02-19,54054.59,21,2574.03,0.43,0.57,2,0,0
2024-02-20,34867.11,7,4981.02,0.56,0.44,2,1,0
2024-02-21,35344.91,10,3534.49,0.6,0.4,2,2,0
2024-02-22,23873.85,10,2387.39,0.53,0.47,2,3,0
2024-02-23,57265.84,14,4090.42,0.3,0.7,2,4,0
2024-02-24,61820.3,17,3636.49,0.43,0.57,2,5,0
2024-02-25,18027.06,16,1126.69,0.28,0.72,2,6,0
2024-02-26,52724.64,13,4055.74,0.38,0.62,2,0,0
2024-02-27,65379.19,14,4669.94,0.33,0.67,2,1,0
2024-02-28,25941.56,14,1852.97,0.37,0.63,2,2,0
2024-02-29,37300.95,19,1963.21,0.3,0.7,2,3,0
2024-03-01,38772.13,10,3877.21,0.3,0.7,3,4,0
2024-03-02,25044.01,19,1318.11,0.25,0.75,3,5,0
2024-03-03,94507.55,20,4725.38,0.27,0.73,3,6,0
2024-03-04,47420.83,15,3161.39,0.58,0.42,3,0,0
2024-03-05,25495.15,15,1699.68,0.53,0.47,3,1,0
2024-03-06,67535.6,14,4823.97,0.48,0.52,3,2,0
2024-03-07,31014.19,11,2819.47,0.37,0.63,3,3,0
2024-03-08,71463.8,15,4764.25,0.52,0.48,3,4,0
2024-03-09,32324.85,10,3232.49,0.55,0.45,3,5,0
2024-03-10,48507.81,17,2853.4,0.41,0.59,3,6,0
2024-03-11,48275.36,14,3448.24,0.45,0.55,3,0,0
2024-03-12,29820.13,16,1863.76,0.33,0.67,3,1,0
2024-03-13,63751.78,17,3750.1,0.45,0.55,3,2,0
2024-03-14,62548.88,20,3127.44,0.4,0.6,3,3,0
2024-03-15,39842.3,17,2343.66,0.41,0.59,3,4,0
2024-03-16,95270.89,25,3810.84,0.53,0.47,3,5,0
2024-03-17,90357.08,22,4107.14,0.54,0.46,3,6,0
2024-03-18,21523.64,12,1793.64,0.47,0.53,3,0,0
2024-03-19,56808.61,15,3787.24,0.48,0.52,3,1,0
2024-03-20,36075.68,14,2576.83,0.24,0.76,3,2,0
2024-03-21,63339.7,15,4222.65,0.46,0.54,3,3,0
2024-03-22,54856.02,15,3657.07,0.54,0.46,3,4,0
2024-03-23,65001.9,14,4642.99,0.22,0.78,3,5,0
2024-03-24,46014.06,17,2706.71,0.23,0.77,3,6,0
2024-03-25,37425.0,13,2878.85,0.28,0.72,3,0,0
2024-03-26,60272.81,16,3767.05,0.46,0.54,3,1,0
2024-03-27,39278.92,8,4909.86,0.27,0.73,3,2,0
2024-03-28,32660.33,10,3266.03,0.53,0.47,3,3,0
2024-03-29,13564.0,16,847.75,0.31,0.69,3,4,0
2024-03-30,67821.1,23,2948.74,0.38,0.62,3,5,0
2024-03-31,59437.85,19,3128.31,0.55,0.45,3,6,0
2024-04-01,9519.47,10,951.95,0.56,0.44,4,0,0
2024-04-02,50730.38,15,3382.03,0.57,0.43,4,1,0
2024-04-03,5610.37,5,1122.07,0.5,0.5,4,2,0
2024-04-04,64142.16,19,3375.9,0.25,0.75,4,3,0
2024-04-05,33057.24,24,1377.39,0.53,0.47,4,4,0
2024-04-06,21338.51,21,1016.12,0.53,0.47,4,5,0
2024-04-07,75357.21,18,4186.51,0.56,0.44,4,6,0
2024-04-08,65266.32,17,3839.2,0.27,0.73,4,0,0
2024-04-09,41187.77,20,2059.39,0.51,0.49,4,1,0
2024-04-10,29848.14,16,1865.51,0.39,0.61,4,2,0
2024-04-11,9222.24,10,922.22,0.57,0.43,4,3,0
2024-04-12,27802.73,11,2527.52,0.51,0.49,4,4,0
2024-04-13,65944.53,18,3663.59,0.37,0.63,4,5,0
2024-04-14,17061.63,12,1421.8,0.47,0.53,4,6,0
2024-04-15,69778.06,14,4984.15,0.23,0.77,4,0,0
2024-04-16,13979.09,10,1397.91,0.38,0.62,4,1,0
2024-04-17,39127.16,13,3009.78,0.23,0.77,4,2,0
2024-04-18,86164.55,20,4308.23,0.37,0.63,4,3,0
2024-04-19,14399.36,15,959.96,0.33,0.67,4,4,0
2024-04-20,77971.66,26,2998.91,0.53,0.47,4,5,0
2024-04-21,75390.57,16,4711.91,0.5,0.5,4,6,0
2024-04-22,64017.04,15,4267.8,0.27,0.73,4,0,0
2024-04-23,88321.03,22,4014.59,0.54,0.46,4,1,0
2024-04-24,42251.35,9,4694.59,0.44,0.56,4,2,0
2024-04-25,44145.9,19,2323.47,0.25,0.75,4,3,0
2024-04-26,44385.07,20,2219.25,0.49,0.51,4,4,0
2024-04-27,74115.0,25,2964.6,0.58,0.42,4,5,0
2024-04-28,91207.57,26,3507.98,0.57,0.43,4,6,0
2024-04-29,29970.09,15,1998.01,0.52,0.48,4,0,0
2024-04-30,63582.18,15,4238.81,0.37,0.63,4,1,0
2024-05-01,53934.52,12,4494.54,0.47,0.53,5,2,0
2024-05-02,40190.36,14,2870.74,0.56,0.44,5,3,0
2024-05-03,40856.02,12,3404.67,0.4,0.6,5,4,0
2024-05-04,44420.53,22,2019.12,0.21,0.79,5,5,0
2024-05-05,36155.19,14,2582.51,0.48,0.52,5,6,0
2024-05-06,28662.45,12,2388.54,0.48,0.52,5,0,0
2024-05-07,70249.89,16,4390.62,0.59,0.41,5,1,0
2024-05-08,54676.71,16,3417.29,0.36,0.64,5,2,0
2024-05-09,19363.23,17,1139.01,0.56,0.44,5,3,0
2024-05-10,86896.83,19,4573.52,0.51,0.49,5,4,0
2024-05-11,18521.49,19,974.82,0.31,0.69,5,5,0
2024-05-12,101984.09,21,4856.39,0.54,0.46,5,6,0
2024-05-13,11926.33,9,1325.15,0.47,0.53,5,0,0
2024-05-14,13003.85,12,1083.65,0.48,0.52,5,1,0
2024-05-15,15216.35,18,845.35,0.58,0.42,5,2,0
2024-05-16,54160.42,18,3008.91,0.23,0.77,5,3,0
2024-05-17,25256.14,6,4209.36,0.46,0.54,5,4,0
2024-05-18,61312.96,25,2452.52,0.37,0.63,5,5,0
2024-05-19,37025.71,16,2314.11,0.56,0.44,5,6,0
2024-05-20,65180.14,15,4345.34,0.48,0.52,5,0,0
2024-05-21,26682.33,13,2052.49,0.47,0.53,5,1,0
2024-05-22,71251.59,17,4191.27,0.23,0.77,5,2,0
2024-05-23,41233.86,16,2577.12,0.54,0.46,5,3,0
2024-05-24,48124.76,12,4010.4,0.43,0.57,5,4,0
2024-05-25,22879.52,22,1039.98,0.21,0.79,5,5,0
2024-05-26,57491.76,20,2874.59,0.51,0.49,5,6,0
2024-05-27,91804.41,19,4831.81,0.49,0.51,5,0,0
2024-05-28,32250.91,14,2303.64,0.23,0.77,5,1,0
2024-05-29,55270.34,18,3070.57,0.43,0.57,5,2,0
2024-05-30,8596.39,6,1432.73,0.22,0.78,5,3,0
2024-05-31,23796.17,20,1189.81,0.41,0.59,5,4,0
2024-06-01,43741.56,20,2187.08,0.57,0.43,6,5,0
2024-06-02,83086.31,17,4887.43,0.51,0.49,6,6,0
2024-06-03,42891.76,15,2859.45,0.22,0.78,6,0,0
2024-06-04,39582.64,11,3598.42,0.57,0.43,6,1,0
2024-06-05,24885.01,17,1463.82,0.31,0.69,6,2,0
2024-06-06,30681.69,18,1704.54,0.25,0.75,6,3,0
2024-06-07,42716.79,14,3051.2,0.35,0.65,6,4,0
2024-06-08,83742.47,20,4187.12,0.4,0.6,6,5,0
2024-06-09,72435.22,18,4024.18,0.48,0.52,6,6,0
2024-06-10,16303.73,14,1164.55,0.58,0.42,6,0,0
2024-06-11,86170.87,18,4787.27,0.33,0.67,6,1,0
2024-06-12,22361.87,9,2484.65,0.5,0.5,6,2,0
2024-06-13,25084.72,13,1929.59,0.37,0.63,6,3,0
2024-06-14,51263.51,11,4660.32,0.43,0.57,6,4,0
2024-06-15,74332.45,15,4955.5,0.53,0.47,6,5,0
2024-06-16,105079.14,22,4776.32,0.4,0.6,6,6,0
2024-06-17,42213.6,21,2010.17,0.44,0.56,6,0,0
2024-06-18,77408.94,16,4838.06,0.59,0.41,6,1,0
2024-06-19,54240.79,15,3616.05,0.25,0.75,6,2,0
2024-06-20,57066.76,19,3003.51,0.44,0.56,6,3,0
2024-06-21,50893.64,11,4626.69,0.49,0.51,6,4,0
2024-06-22,28436.18,25,1137.45,0.57,0.43,6,5,0
2024-06-23,74488.67,21,3547.08,0.39,0.61,6,6,0
2024-06-24,45615.53,18,2534.2,0.28,0.72,6,0,0
2024-06-25,26583.54,9,2953.73,0.54,0.46,6,1,0
2024-06-26,30937.47,14,2209.82,0.46,0.54,6,2,0
2024-06-27,86966.42,18,4831.47,0.26,0.74,6,3,0
2024-06-28,41125.79,12,3427.15,0.28,0.72,6,4,0
2024-06-29,35642.63,23,1549.68,0.34,0.66,6,5,0
2024-06-30,60658.9,20,3032.94,0.23,0.77,6,6,0
2024-07-01,111115.65,28,3968.42,0.29,0.71,7,0,1
2024-07-02,95032.75,27,3519.73,0.49,0.51,7,1,1
2024-07-03,48136.52,36,1337.13,0.56,0.44,7,2,1
2024-07-04,140165.71,29,4833.3,0.22,0.78,7,3,1
2024-07-05,134236.73,28,4794.17,0.23,0.77,7,4,1
2024-07-06,121962.38,34,3587.13,0.32,0.68,7,5,1
2024-07-07,85455.59,37,2309.61,0.42,0.58,7,6,1
2024-07-08,21544.27,19,1133.91,0.37,0.63,7,0,1
2024-07-09,56841.59,17,3343.62,0.33,0.67,7,1,1
2024-07-10,25796.53,32,806.14,0.25,0.75,7,2,1
2024-07-11,156434.48,34,4601.01,0.39,0.61,7,3,1
2024-07-12,117408.71,28,4193.17,0.39,0.61,7,4,1
2024-07-13,84359.65,29,2908.95,0.22,0.78,7,5,1
2024-07-14,78220.61,28,2793.59,0.37,0.63,7,6,1
2024-07-15,65938.12,30,2197.94,0.27,0.73,7,0,1
2024-07-16,60194.67,33,1824.08,0.43,0.57,7,1,1
2024-07-17,81772.36,23,3555.32,0.41,0.59,7,2,1
2024-07-18,80502.35,36,2236.18,0.23,0.77,7,3,1
2024-07-19,114306.15,40,2857.65,0.37,0.63,7,4,1
2024-07-20,55456.69,29,1912.3,0.49,0.51,7,5,1
2024-07-21,77138.58,27,2856.98,0.21,0.79,7,6,1
2024-07-22,112042.41,30,3734.75,0.43,0.57,7,0,1
2024-07-23,66373.93,29,2288.76,0.34,0.66,7,1,1
2024-07-24,60738.85,23,2640.82,0.43,0.57,7,2,1
2024-07-25,63605.54,21,3028.84,0.56,0.44,7,3,1
2024-07-26,87403.89,33,2648.6,0.46,0.54,7,4,1
2024-07-27,76848.46,35,2195.67,0.3,0.7,7,5,1
2024-07-28,29314.5,23,1274.54,0.57,0.43,7,6,1
2024-07-29,114755.31,24,4781.47,0.23,0.77,7,0,1
2024-07-30,34246.45,38,901.22,0.41,0.59,7,1,1
2024-07-31,38314.37,23,1665.84,0.25,0.75,7,2,1
2024-08-01,82418.07,19,4337.79,0.32,0.68,8,3,0
2024-08-02,11635.3,10,1163.53,0.54,0.46,8,4,0
2024-08-03,20183.53,21,961.12,0.59,0.41,8,5,0
2024-08-04,80868.03,17,4756.94,0.47,0.53,8,6,0
2024-08-05,10280.94,11,934.63,0.21,0.79,8,0,0
2024-08-06,83534.77,19,4396.57,0.42,0.58,8,1,0
2024-08-07,15025.67,10,1502.57,0.26,0.74,8,2,0
2024-08-08,20416.0,9,2268.44,0.22,0.78,8,3,0
2024-08-09,74140.46,16,4633.78,0.28,0.72,8,4,0
2024-08-10,94951.72,20,4747.59,0.56,0.44,8,5,0
2024-08-11,99946.11,21,4759.34,0.26,0.74,8,6,0
2024-08-12,8862.31,10,886.23,0.42,0.58,8,0,0
2024-08-13,54404.35,15,3626.96,0.39,0.61,8,1,0
2024-08-14,15647.13,7,2235.3,0.52,0.48,8,2,0
2024-08-15,75544.23,19,3976.01,0.35,0.65,8,3,0
2024-08-16,28684.04,12,2390.34,0.41,0.59,8,4,0
2024-08-17,75817.92,22,3446.27,0.28,0.72,8,5,0
2024-08-18,52135.38,13,4010.41,0.2,0.8,8,6,0
2024-08-19,64916.47,14,4636.89,0.45,0.55,8,0,0
2024-08-20,25778.76,19,1356.78,0.34,0.66,8,1,0
2024-08-21,74127.15,15,4941.81,0.59,0.41,8,2,0
2024-08-22,67072.97,18,3726.28,0.37,0.63,8,3,0
2024-08-23,22643.56,16,1415.22,0.44,0.56,8,4,0
2024-08-24,104798.8,21,4990.42,0.47,0.53,8,5,0
2024-08-25,89899.81,18,4994.43,0.39,0.61,8,6,0
2024-08-26,68358.2,20,3417.91,0.31,0.69,8,0,0
2024-08-27,15973.42,5,3194.68,0.24,0.76,8,1,0
2024-08-28,59047.56,12,4920.63,0.33,0.67,8,2,0
2024-08-29,43928.05,10,4392.81,0.3,0.7,8,3,0
2024-08-30,44502.08,12,3708.51,0.6,0.4,8,4,0
2024-08-31,65395.21,19,3441.85,0.44,0.56,8,5,0
2024-09-01,56439.04,15,3762.6,0.36,0.64,9,6,0
2024-09-02,72082.28,19,3793.8,0.34,0.66,9,0,0
2024-09-03,11860.77,13,912.37,0.59,0.41,9,1,0
2024-09-04,17013.67,16,1063.35,0.31,0.69,9,2,0
2024-09-05,6468.8,5,1293.76,0.56,0.44,9,3,0
2024-09-06,13828.99,9,1536.55,0.4,0.6,9,4,0
2024-09-07,40601.41,19,2136.92,0.3,0.7,9,5,0
2024-09-08,37123.58,11,3374.87,0.29,0.71,9,6,0
2024-09-09,26196.67,16,1637.29,0.22,0.78,9,0,0
2024-09-10,39548.5,16,2471.78,0.6,0.4,9,1,0
2024-09-11,90271.18,22,4103.24,0.41,0.59,9,2,0
2024-09-12,60462.13,18,3359.01,0.47,0.53,9,3,0
2024-09-13,44299.34,17,2605.84,0.51,0.49,9,4,0
2024-09-14,51578.03,18,2865.45,0.58,0.42,9,5,0
2024-09-15,104355.38,26,4013.67,0.58,0.42,9,6,0
2024-09-16,14627.68,13,1125.21,0.43,0.57,9,0,0
2024-09-17,66420.14,24,2767.51,0.37,0.63,9,1,0
2024-09-18,16404.12,18,911.34,0.58,0.42,9,2,0
2024-09-19,48520.7,14,3465.76,0.28,0.72,9,3,0
2024-09-20,9069.39,10,906.94,0.3,0.7,9,4,0
2024-09-21,34881.13,12,2906.76,0.23,0.77,9,5,0
2024-09-22,90133.6,22,4096.98,0.54,0.46,9,6,0
2024-09-23,46926.46,15,3128.43,0.51,0.49,9,0,0
2024-09-24,16993.16,13,1307.17,0.42,0.58,9,1,0
2024-09-25,37241.31,12,3103.44,0.23,0.77,9,2,0
2024-09-26,89604.85,20,4480.24,0.23,0.77,9,3,0
2024-09-27,57148.09,17,3361.65,0.24,0.76,9,4,0
2024-09-28,62050.37,20,3102.52,0.54,0.46,9,5,0
2024-09-29,89514.72,18,4973.04,0.27,0.73,9,6,0
2024-09-30,32392.91,13,2491.76,0.24,0.76,9,0,0
2024-10-01,43780.15,10,4378.02,0.24,0.76,10,1,0
2024-10-02,19518.8,9,2168.76,0.25,0.75,10,2,0
2024-10-03,67468.6,16,4216.79,0.23,0.77,10,3,0
2024-10-04,72978.22,19,3840.96,0.29,0.71,10,4,0
2024-10-05,83650.16,24,3485.42,0.42,0.58,10,5,0
2024-10-06,103003.05,21,4904.91,0.55,0.45,10,6,0
2024-10-07,20515.63,13,1578.13,0.44,0.56,10,0,0
2024-10-08,82200.06,19,4326.32,0.55,0.45,10,1,0
2024-10-09,21016.24,14,1501.16,0.54,0.46,10,2,0
2024-10-10,65796.84,14,4699.77,0.25,0.75,10,3,0
2024-10-11,89087.15,19,4688.8,0.23,0.77,10,4,0
2024-10-12,59342.75,13,4564.83,0.58,0.42,10,5,0
2024-10-13,104577.86,22,4753.54,0.48,0.52,10,6,0
2024-10-14,14866.38,13,1143.57,0.36,0.64,10,0,0
2024-10-15,11757.75,14,839.84,0.25,0.75,10,1,0
2024-10-16,76045.74,22,3456.62,0.37,0.63,10,2,0
2024-10-17,57441.33,17,3378.9,0.56,0.44,10,3,0
2024-10-18,32175.93,17,1892.7,0.23,0.77,10,4,0
2024-10-19,46919.03,17,2759.94,0.3,0.7,10,5,0
2024-10-20,93634.03,20,4681.7,0.28,0.72,10,6,0
2024-10-21,17446.95,17,1026.29,0.33,0.67,10,0,0
2024-10-22,82209.12,21,3914.72,0.41,0.59,10,1,0
2024-10-23,84212.77,18,4678.49,0.2,0.8,10,2,0
2024-10-24,35151.66,12,2929.3,0.3,0.7,10,3,0
2024-10-25,10636.19,10,1063.62,0.43,0.57,10,4,0
2024-10-26,72532.62,22,3296.94,0.4,0.6,10,5,0
2024-10-27,23148.73,20,1157.44,0.27,0.73,10,6,0
2024-10-28,100268.95,22,4557.68,0.48,0.52,10,0,0
2024-10-29,32940.6,14,2352.9,0.21,0.79,10,1,0
2024-10-30,95868.2,21,4565.15,0.54,0.46,10,2,0
2024-10-31,59649.53,12,4970.79,0.21,0.79,10,3,0
2024-11-01,27234.27,13,2094.94,0.31,0.69,11,4,0
2024-11-02,71189.38,22,3235.88,0.22,0.78,11,5,0
2024-11-03,45597.32,17,2682.2,0.55,0.45,11,6,0
2024-11-04,71308.47,15,4753.9,0.43,0.57,11,0,0
2024-11-05,23995.96,10,2399.6,0.3,0.7,11,1,0
2024-11-06,71875.11,15,4791.67,0.55,0.45,11,2,0
2024-11-07,25672.21,7,3667.46,0.31,0.69,11,3,0
2024-11-08,68041.92,14,4860.14,0.33,0.67,11,4,0
2024-11-09,30639.05,21,1459.0,0.45,0.55,11,5,0
2024-11-10,52327.07,22,2378.5,0.56,0.44,11,6,0
2024-11-11,41621.54,16,2601.35,0.51,0.49,11,0,0
2024-11-12,42834.05,15,2855.6,0.38,0.62,11,1,0
2024-11-13,36472.64,12,3039.39,0.44,0.56,11,2,0
2024-11-14,11890.64,10,1189.06,0.29,0.71,11,3,0
2024-11-15,60603.28,19,3189.65,0.29,0.71,11,4,0
2024-11-16,75665.94,21,3603.14,0.52,0.48,11,5,0
2024-11-17,30512.91,15,2034.19,0.52,0.48,11,6,0
2024-11-18,83591.97,18,4644.0,0.25,0.75,11,0,0
2024-11-19,24048.73,9,2672.08,0.22,0.78,11,1,0
2024-11-20,70049.28,17,4120.55,0.37,0.63,11,2,0
2024-11-21,16428.35,11,1493.49,0.47,0.53,11,3,0
2024-11-22,36033.9,8,4504.24,0.46,0.54,11,4,0
2024-11-23,31238.81,23,1358.21,0.58,0.42,11,5,0
2024-11-24,107829.82,24,4492.91,0.52,0.48,11,6,0
2024-11-25,72393.89,19,3810.2,0.49,0.51,11,0,0
2024-11-26,28169.97,9,3130.0,0.43,0.57,11,1,0
2024-11-27,28270.11,16,1766.88,0.43,0.57,11,2,0
2024-11-28,39207.32,15,2613.82,0.56,0.44,11,3,0
2024-11-29,12103.9,4,3025.97,0.3,0.7,11,4,0
2024-11-30,36410.12,21,1733.82,0.38,0.62,11,5,0
2024-12-01,40911.03,25,1636.44,0.51,0.49,12,6,1
2024-12-02,85394.69,23,3712.81,0.36,0.64,12,0,1
2024-12-03,155681.78,35,4448.05,0.59,0.41,12,1,1
2024-12-04,118541.55,31,3823.92,0.58,0.42,12,2,1
2024-12-05,74121.76,24,3088.41,0.26,0.74,12,3,1
2024-12-06,127533.9,29,4397.72,0.48,0.52,12,4,1
2024-12-07,54302.31,28,1939.37,0.26,0.74,12,5,1
2024-12-08,79971.63,36,2221.43,0.42,0.58,12,6,1
2024-12-09,159308.92,36,4425.25,0.51,0.49,12,0,1
2024-12-10,103951.84,23,4519.65,0.53,0.47,12,1,1
2024-12-11,50248.33,13,3865.26,0.27,0.73,12,2,1
2024-12-12,55464.73,20,2773.24,0.31,0.69,12,3,1
2024-12-13,49794.97,25,1991.8,0.28,0.72,12,4,1
2024-12-14,97792.47,21,4656.78,0.35,0.65,12,5,1
2024-12-15,159924.7,33,4846.2,0.29,0.71,12,6,1
2024-12-16,105686.15,24,4403.59,0.38,0.62,12,0,1
2024-12-17,59613.93,30,1987.13,0.56,0.44,12,1,1
2024-12-18,62581.06,32,1955.66,0.34,0.66,12,2,1
2024-12-19,50417.16,17,2965.72,0.48,0.52,12,3,1
2024-12-20,73413.79,26,2823.61,0.22,0.78,12,4,1
2024-12-21,109769.61,42,2613.56,0.54,0.46,12,5,1
2024-12-22,44236.96,20,2211.85,0.22,0.78,12,6,1
2024-12-23,101436.37,23,4410.28,0.24,0.76,12,0,1
2024-12-24,85138.2,28,3040.65,0.4,0.6,12,1,1
2024-12-25,132470.57,29,4567.95,0.56,0.44,12,2,1
2024-12-26,62753.7,28,2241.2,0.45,0.55,12,3,1
2024-12-27,151599.68,32,4737.49,0.42,0.58,12,4,1
2024-12-28,26555.7,24,1106.49,0.4,0.6,12,5,1
2024-12-29,97234.27,29,3352.91,0.55,0.45,12,6,1
2024-12-30,24341.01,19,1281.11,0.6,0.4,12,0,1
2024-12-31,102907.54,24,4287.81,0.21,0.79,12,1,1
2025-01-01,18135.11,12,1511.26,0.48,0.52,1,2,0
2025-01-02,74142.45,17,4361.32,0.24,0.76,1,3,0
2025-01-03,9544.1,9,1060.46,0.38,0.62,1,4,0
2025-01-04,35520.64,21,1691.46,0.53,0.47,1,5,0
2025-01-05,72920.28,25,2916.81,0.29,0.71,1,6,0
2025-01-06,35868.18,14,2562.01,0.53,0.47,1,0,0
2025-01-07,10428.09,8,1303.51,0.49,0.51,1,1,0
2025-01-08,25980.32,16,1623.77,0.4,0.6,1,2,0
2025-01-09,70508.9,16,4406.81,0.29,0.71,1,3,0
2025-01-10,58891.86,22,2676.9,0.22,0.78,1,4,0
2025-01-11,20875.38,18,1159.74,0.35,0.65,1,5,0
2025-01-12,50349.9,21,2397.61,0.38,0.62,1,6,0
2025-01-13,38460.54,10,3846.05,0.37,0.63,1,0,0
2025-01-14,76151.44,23,3310.93,0.38,0.62,1,1,0
2025-01-15,68613.01,14,4900.93,0.51,0.49,1,2,0
2025-01-16,30426.98,20,1521.35,0.56,0.44,1,3,0
2025-01-17,62753.33,20,3137.67,0.22,0.78,1,4,0
2025-01-18,46677.56,24,1944.9,0.23,0.77,1,5,0
2025-01-19,77455.83,20,3872.79,0.3,0.7,1,6,0
2025-01-20,49837.91,23,2166.87,0.48,0.52,1,0,0
2025-01-21,61142.3,15,4076.15,0.31,0.69,1,1,0
2025-01-22,29744.66,11,2704.06,0.24,0.76,1,2,0
2025-01-23,10859.32,11,987.21,0.28,0.72,1,3,0
2025-01-24,55521.4,15,3701.43,0.36,0.64,1,4,0
2025-01-25,77436.0,20,3871.8,0.53,0.47,1,5,0
2025-01-26,26198.59,22,1190.85,0.22,0.78,1,6,0
2025-01-27,70376.44,19,3704.02,0.33,0.67,1,0,0
2025-01-28,16852.9,13,1296.38,0.26,0.74,1,1,0
2025-01-29,46000.25,15,3066.68,0.34,0.66,1,2,0
2025-01-30,21723.69,8,2715.46,0.5,0.5,1,3,0
2025-01-31,17929.48,9,1992.16,0.34,0.66,1,4,0
2025-02-01,91600.18,27,3392.6,0.5,0.5,2,5,0
2025-02-02,67243.6,19,3539.14,0.3,0.7,2,6,0
2025-02-03,60441.66,15,4029.44,0.54,0.46,2,0,0
2025-02-04,13374.2,6,2229.03,0.29,0.71,2,1,0
2025-02-05,30909.34,16,1931.83,0.46,0.54,2,2,0
2025-02-06,34042.93,9,3782.55,0.57,0.43,2,3,0
2025-02-07,21619.93,20,1081.0,0.25,0.75,2,4,0
2025-02-08,18149.87,19,955.26,0.39,0.61,2,5,0
2025-02-09,14824.83,16,926.55,0.24,0.76,2,6,0
2025-02-10,89135.67,22,4051.62,0.48,0.52,2,0,0
2025-02-11,26479.52,19,1393.66,0.2,0.8,2,1,0
2025-02-12,69922.07,19,3680.11,0.42,0.58,2,2,0
2025-02-13,41596.08,17,2446.83,0.21,0.79,2,3,0
2025-02-14,68560.4,18,3808.91,0.47,0.53,2,4,0
2025-02-15,87639.71,18,4868.87,0.36,0.64,2,5,0
2025-02-16,48797.77,16,3049.86,0.22,0.78,2,6,0
2025-02-17,48225.52,13,3709.66,0.43,0.57,2,0,0
2025-02-18,29638.66,6,4939.78,0.36,0.64,2,1,0
2025-02-19,60214.37,14,4301.03,0.42,0.58,2,2,0
2025-02-20,48073.36,11,4370.31,0.55,0.45,2,3,0
2025-02-21,22996.06,10,2299.61,0.6,0.4,2,4,0
2025-02-22,28699.61,15,1913.31,0.41,0.59,2,5,0
2025-02-23,15043.2,15,1002.88,0.2,0.8,2,6,0
2025-02-24,37442.06,14,2674.43,0.59,0.41,2,0,0
2025-02-25,40026.24,11,3638.75,0.48,0.52,2,1,0
2025-02-26,32403.03,14,2314.5,0.4,0.6,2,2,0
2025-02-27,64550.31,13,4965.41,0.41,0.59,2,3,0
2025-02-28,62103.75,16,3881.48,0.49,0.51,2,4,0
2025-03-01,141840.95,29,4891.07,0.45,0.55,3,5,0
2025-03-02,58375.27,27,2162.05,0.22,0.78,3,6,0
2025-03-03,13043.27,13,1003.33,0.41,0.59,3,0,0
2025-03-04,59231.13,15,3948.74,0.29,0.71,3,1,0
2025-03-05,15738.51,5,3147.7,0.56,0.44,3,2,0
2025-03-06,59666.04,14,4261.86,0.27,0.73,3,3,0
2025-03-07,39640.32,11,3603.67,0.25,0.75,3,4,0
2025-03-08,50566.36,14,3611.88,0.32,0.68,3,5,0
2025-03-09,70794.41,18,3933.02,0.58,0.42,3,6,0
2025-03-10,16208.67,8,2026.08,0.36,0.64,3,0,0
2025-03-11,50563.73,13,3889.52,0.56,0.44,3,1,0
2025-03-12,55042.61,18,3057.92,0.37,0.63,3,2,0
2025-03-13,23239.85,20,1161.99,0.28,0.72,3,3,0
2025-03-14,69588.69,15,4639.25,0.52,0.48,3,4,0
2025-03-15,29699.07,20,1484.95,0.39,0.61,3,5,0
2025-03-16,58555.15,22,2661.6,0.43,0.57,3,6,0
2025-03-17,68293.89,19,3594.42,0.53,0.47,3,0,0
2025-03-18,26109.46,8,3263.68,0.56,0.44,3,1,0
2025-03-19,29510.72,14,2107.91,0.43,0.57,3,2,0
2025-03-20,41702.8,10,4170.28,0.58,0.42,3,3,0
2025-03-21,39038.97,22,1774.5,0.49,0.51,3,4,0
2025-03-22,17192.18,14,1228.01,0.33,0.67,3,5,0
2025-03-23,54085.58,17,3181.5,0.49,0.51,3,6,0
2025-03-24,50575.63,20,2528.78,0.46,0.54,3,0,0
2025-03-25,32791.59,10,3279.16,0.44,0.56,3,1,0
2025-03-26,29044.0,15,1936.27,0.42,0.58,3,2,0
2025-03-27,22955.85,15,1530.39,0.44,0.56,3,3,0
2025-03-28,16602.79,12,1383.57,0.48,0.52,3,4,0
2025-03-29,69287.9,24,2887.0,0.24,0.76,3,5,0
2025-03-30,53893.58,12,4491.13,0.25,0.75,3,6,0
2025-03-31,40980.86,18,2276.71,0.52,0.48,3,0,0
2025-04-01,34692.83,12,2891.07,0.51,0.49,4,1,0
2025-04-02,46809.61,15,3120.64,0.6,0.4,4,2,0
2025-04-03,17869.85,6,2978.31,0.39,0.61,4,3,0
2025-04-04,28367.12,13,2182.09,0.5,0.5,4,4,0
2025-04-05,71189.01,16,4449.31,0.51,0.49,4,5,0
2025-04-06,22613.89,19,1190.2,0.24,0.76,4,6,0
2025-04-07,13869.63,17,815.86,0.34,0.66,4,0,0
2025-04-08,29339.33,12,2444.94,0.23,0.77,4,1,0
2025-04-09,48346.64,16,3021.66,0.33,0.67,4,2,0
2025-04-10,45853.27,16,2865.83,0.22,0.78,4,3,0
2025-04-11,49658.45,11,4514.4,0.34,0.66,4,4,0
2025-04-12,84181.49,23,3660.06,0.25,0.75,4,5,0
2025-04-13,21286.25,16,1330.39,0.59,0.41,4,6,0
2025-04-14,12046.16,12,1003.85,0.43,0.57,4,0,0
2025-04-15,13350.75,11,1213.7,0.56,0.44,4,1,0
2025-04-16,23557.25,13,1812.1,0.44,0.56,4,2,0
2025-04-17,43136.43,11,3921.49,0.21,0.79,4,3,0
2025-04-18,29746.63,15,1983.11,0.44,0.56,4,4,0
2025-04-19,17227.79,20,861.39,0.41,0.59,4,5,0
2025-04-20,40036.19,25,1601.45,0.37,0.63,4,6,0
2025-04-21,82186.64,17,4834.51,0.22,0.78,4,0,0
2025-04-22,33475.12,17,1969.12,0.34,0.66,4,1,0
2025-04-23,90821.65,20,4541.08,0.57,0.43,4,2,0
2025-04-24,71332.48,20,3566.62,0.43,0.57,4,3,0
2025-04-25,38380.59,14,2741.47,0.57,0.43,4,4,0
2025-04-26,122387.28,26,4707.2,0.57,0.43,4,5,0
2025-04-27,79982.88,23,3477.52,0.54,0.46,4,6,0
2025-04-28,34182.02,15,2278.8,0.44,0.56,4,0,0
2025-04-29,13194.18,12,1099.52,0.4,0.6,4,1,0
2025-04-30,38690.89,11,3517.35,0.6,0.4,4,2,0
2025-05-01,94049.06,20,4702.45,0.43,0.57,5,3,0
2025-05-02,48110.08,10,4811.01,0.59,0.41,5,4,0
2025-05-03,54062.68,22,2457.39,0.5,0.5,5,5,0
2025-05-04,61700.56,17,3629.44,0.29,0.71,5,6,0
2025-05-05,52929.32,13,4071.49,0.34,0.66,5,0,0
2025-05-06,15777.89,17,928.11,0.54,0.46,5,1,0
2025-05-07,39329.78,15,2621.99,0.28,0.72,5,2,0
2025-05-08,34915.22,17,2053.84,0.49,0.51,5,3,0
2025-05-09,68059.98,14,4861.43,0.51,0.49,5,4,0
2025-05-10,29659.63,17,1744.68,0.46,0.54,5,5,0
2025-05-11,60672.92,27,2247.15,0.45,0.55,5,6,0
2025-05-12,27257.07,16,1703.57,0.38,0.62,5,0,0
2025-05-13,49604.79,15,3306.99,0.2,0.8,5,1,0
2025-05-14,50434.68,23,2192.81,0.34,0.66,5,2,0
2025-05-15,24275.73,15,1618.38,0.36,0.64,5,3,0
2025-05-16,48295.64,16,3018.48,0.58,0.42,5,4,0
2025-05-17,36784.09,21,1751.62,0.24,0.76,5,5,0
2025-05-18,67774.11,24,2823.92,0.45,0.55,5,6,0
2025-05-19,83257.84,17,4897.52,0.4,0.6,5,0,0
2025-05-20,33275.04,14,2376.79,0.46,0.54,5,1,0
2025-05-21,39855.04,17,2344.41,0.27,0.73,5,2,0
2025-05-22,57478.88,12,4789.91,0.24,0.76,5,3,0
2025-05-23,34877.06,12,2906.42,0.31,0.69,5,4,0
2025-05-24,38771.72,21,1846.27,0.41,0.59,5,5,0
2025-05-25,83607.41,25,3344.3,0.58,0.42,5,6,0
2025-05-26,32827.27,12,2735.61,0.28,0.72,5,0,0
2025-05-27,50941.72,11,4631.07,0.27,0.73,5,1,0
2025-05-28,24155.56,16,1509.72,0.52,0.48,5,2,0
2025-05-29,41494.97,18,2305.28,0.24,0.76,5,3,0
2025-05-30,24179.08,18,1343.28,0.45,0.55,5,4,0
2025-05-31,61525.89,24,2563.58,0.48,0.52,5,5,0
2025-06-01,26419.16,22,1200.87,0.5,0.5,6,6,0
2025-06-02,46165.47,16,2885.34,0.38,0.62,6,0,0
2025-06-03,41689.65,9,4632.18,0.43,0.57,6,1,0
2025-06-04,53436.96,17,3143.35,0.22,0.78,6,2,0
2025-06-05,21301.69,17,1253.04,0.35,0.65,6,3,0
2025-06-06,10675.35,11,970.49,0.41,0.59,6,4,0
2025-06-07,39415.08,19,2074.48,0.22,0.78,6,5,0
2025-06-08,114381.23,23,4973.1,0.24,0.76,6,6,0
2025-06-09,96546.31,21,4597.44,0.28,0.72,6,0,0
2025-06-10,30486.18,22,1385.74,0.32,0.68,6,1,0
2025-06-11,40530.88,21,1930.04,0.42,0.58,6,2,0
2025-06-12,20385.17,18,1132.51,0.34,0.66,6,3,0
2025-06-13,34322.6,12,2860.22,0.25,0.75,6,4,0
2025-06-14,18957.3,21,902.73,0.5,0.5,6,5,0
2025-06-15,87770.08,26,3375.77,0.52,0.48,6,6,0
2025-06-16,79445.02,18,4413.61,0.23,0.77,6,0,0
2025-06-17,48335.59,11,4394.14,0.29,0.71,6,1,0
2025-06-18,21782.66,10,2178.27,0.46,0.54,6,2,0
2025-06-19,23874.94,18,1326.39,0.53,0.47,6,3,0
2025-06-20,11542.32,13,887.87,0.32,0.68,6,4,0
2025-06-21,96841.89,22,4401.9,0.33,0.67,6,5,0
2025-06-22,51314.0,22,2332.45,0.54,0.46,6,6,0
2025-06-23,19528.26,17,1148.72,0.48,0.52,6,0,0
2025-06-24,47606.83,14,3400.49,0.43,0.57,6,1,0
2025-06-25,47608.54,11,4328.05,0.59,0.41,6,2,0
2025-06-26,52096.03,15,3473.07,0.35,0.65,6,3,0
2025-06-27,49965.06,18,2775.84,0.51,0.49,6,4,0
2025-06-28,44121.12,20,2206.06,0.21,0.79,6,5,0
2025-06-29,97199.86,20,4859.99,0.5,0.5,6,6,0
2025-06-30,10002.49,12,833.54,0.46,0.54,6,0,0
2025-07-01,115397.59,28,4121.34,0.57,0.43,7,1,1
2025-07-02,75451.24,22,3429.6,0.45,0.55,7,2,1
2025-07-03,85797.28,22,3899.88,0.44,0.56,7,3,1
2025-07-04,124479.09,28,4445.68,0.57,0.43,7,4,1
2025-07-05,120036.05,28,4287.0,0.33,0.67,7,5,1
2025-07-06,166695.92,39,4274.25,0.32,0.68,7,6,1
2025-07-07,115776.53,27,4288.02,0.45,0.55,7,0,1
2025-07-08,122302.79,29,4217.34,0.54,0.46,7,1,1
2025-07-09,106424.15,29,3669.8,0.46,0.54,7,2,1
2025-07-10,116406.5,33,3527.47,0.26,0.74,7,3,1
2025-07-11,128361.24,33,3889.73,0.57,0.43,7,4,1
2025-07-12,52913.46,25,2116.54,0.23,0.77,7,5,1
2025-07-13,39613.44,24,1650.56,0.4,0.6,7,6,1
2025-07-14,116397.74,28,4157.06,0.29,0.71,7,0,1
2025-07-15,92972.71,26,3575.87,0.59,0.41,7,1,1
2025-07-16,158469.06,33,4802.09,0.57,0.43,7,2,1
2025-07-17,35605.93,14,2543.28,0.57,0.43,7,3,1
2025-07-18,102862.09,27,3809.71,0.52,0.48,7,4,1
2025-07-19,117422.85,25,4696.91,0.25,0.75,7,5,1
2025-07-20,96359.23,27,3568.86,0.55,0.45,7,6,1
2025-07-21,133750.32,30,4458.34,0.52,0.48,7,0,1
2025-07-22,101537.65,27,3760.65,0.32,0.68,7,1,1
2025-07-23,40096.38,25,1603.86,0.44,0.56,7,2,1
2025-07-24,147574.39,30,4919.15,0.25,0.75,7,3,1
2025-07-25,124470.76,36,3457.52,0.22,0.78,7,4,1
2025-07-26,138768.72,30,4625.62,0.37,0.63,7,5,1
2025-07-27,56587.0,43,1315.98,0.35,0.65,7,6,1
2025-07-28,130757.35,32,4086.17,0.21,0.79,7,0,1
2025-07-29,160844.56,37,4347.15,0.36,0.64,7,1,1
2025-07-30,18861.19,21,898.15,0.44,0.56,7,2,1
2025-07-31,67254.77,35,1921.56,0.59,0.41,7,3,1
2025-08-01,18042.57,18,1002.37,0.2,0.8,8,4,0
2025-08-02,75594.45,19,3978.66,0.32,0.68,8,5,0
2025-08-03,57027.58,14,4073.4,0.24,0.76,8,6,0
2025-08-04,19540.88,20,977.04,0.55,0.45,8,0,0
2025-08-05,19049.1,18,1058.28,0.41,0.59,8,1,0
2025-08-06,66637.95,23,2897.3,0.4,0.6,8,2,0
2025-08-07,46140.51,10,4614.05,0.39,0.61,8,3,0
2025-08-08,32637.58,16,2039.85,0.28,0.72,8,4,0
2025-08-09,52897.02,18,2938.72,0.52,0.48,8,5,0
2025-08-10,34452.87,26,1325.11,0.37,0.63,8,6,0
2025-08-11,56802.18,15,3786.81,0.29,0.71,8,0,0
2025-08-12,62917.01,15,4194.47,0.22,0.78,8,1,0
2025-08-13,71079.4,22,3230.88,0.33,0.67,8,2,0
2025-08-14,61239.27,13,4710.71,0.27,0.73,8,3,0
2025-08-15,55595.48,20,2779.77,0.49,0.51,8,4,0
2025-08-16,22353.83,20,1117.69,0.58,0.42,8,5,0
2025-08-17,93689.16,21,4461.39,0.52,0.48,8,6,0
2025-08-18,46254.1,15,3083.61,0.43,0.57,8,0,0
2025-08-19,18806.86,12,1567.24,0.54,0.46,8,1,0
2025-08-20,46948.53,11,4268.05,0.39,0.61,8,2,0
2025-08-21,99482.3,21,4737.25,0.36,0.64,8,3,0
2025-08-22,58074.01,12,4839.5,0.23,0.77,8,4,0
2025-08-23,57196.48,19,3010.34,0.26,0.74,8,5,0
2025-08-24,37498.43,15,2499.9,0.46,0.54,8,6,0
2025-08-25,30491.23,13,2345.48,0.4,0.6,8,0,0
2025-08-26,10499.83,12,874.99,0.23,0.77,8,1,0
2025-08-27,25252.05,15,1683.47,0.26,0.74,8,2,0
2025-08-28,69621.8,21,3315.32,0.31,0.69,8,3,0
2025-08-29,50436.0,14,3602.57,0.3,0.7,8,4,0
2025-08-30,32255.19,18,1791.96,0.56,0.44,8,5,0
2025-08-31,104946.43,22,4770.29,0.5,0.5,8,6,0
2025-09-01,60203.36,18,3344.63,0.57,0.43,9,0,0
2025-09-02,62890.72,18,3493.93,0.28,0.72,9,1,0
2025-09-03,48490.28,12,4040.86,0.58,0.42,9,2,0
2025-09-04,17246.43,13,1326.65,0.31,0.69,9,3,0
2025-09-05,77530.76,21,3691.94,0.22,0.78,9,4,0
2025-09-06,20922.79,25,836.91,0.5,0.5,9,5,0
2025-09-07,42347.0,19,2228.79,0.35,0.65,9,6,0
2025-09-08,22976.79,6,3829.47,0.54,0.46,9,0,0
2025-09-09,16073.31,16,1004.58,0.42,0.58,9,1,0
2025-09-10,22569.3,13,1736.1,0.48,0.52,9,2,0
2025-09-11,20364.11,16,1272.76,0.3,0.7,9,3,0
2025-09-12,80542.02,28,2876.5,0.6,0.4,9,4,0
2025-09-13,28284.53,13,2175.73,0.37,0.63,9,5,0
2025-09-14,37024.41,20,1851.22,0.32,0.68,9,6,0
2025-09-15,30592.54,16,1912.03,0.24,0.76,9,0,0
2025-09-16,32753.2,14,2339.51,0.22,0.78,9,1,0
2025-09-17,71747.32,18,3985.96,0.34,0.66,9,2,0
2025-09-18,51972.69,12,4331.06,0.47,0.53,9,3,0
2025-09-19,36939.28,15,2462.62,0.26,0.74,9,4,0
2025-09-20,54148.8,28,1933.89,0.36,0.64,9,5,0
2025-09-21,24007.52,21,1143.22,0.25,0.75,9,6,0
2025-09-22,59240.8,18,3291.16,0.51,0.49,9,0,0
2025-09-23,48455.13,15,3230.34,0.54,0.46,9,1,0
2025-09-24,54661.56,19,2876.92,0.49,0.51,9,2,0
2025-09-25,17480.5,16,1092.53,0.47,0.53,9,3,0
2025-09-26,48100.46,16,3006.28,0.47,0.53,9,4,0
2025-09-27,32330.76,14,2309.34,0.46,0.54,9,5,0
2025-09-28,114468.64,26,4402.64,0.6,0.4,9,6,0
2025-09-29,79436.66,17,4672.74,0.57,0.43,9,0,0
2025-09-30,18244.18,15,1216.28,0.51,0.49,9,1,0
2025-10-01,38334.02,11,3484.91,0.46,0.54,10,2,0
2025-10-02,52598.12,18,2922.12,0.46,0.54,10,3,0
2025-10-03,58274.24,23,2533.66,0.53,0.47,10,4,0
2025-10-04,32898.76,17,1935.22,0.34,0.66,10,5,0
2025-10-05,71556.48,21,3407.45,0.2,0.8,10,6,0
2025-10-06,85944.59,19,4523.4,0.57,0.43,10,0,0
2025-10-07,14852.56,13,1142.5,0.5,0.5,10,1,0
2025-10-08,52110.0,11,4737.27,0.33,0.67,10,2,0
2025-10-09,13409.03,8,1676.13,0.33,0.67,10,3,0
2025-10-10,58176.42,20,2908.82,0.38,0.62,10,4,0
2025-10-11,79866.87,20,3993.34,0.54,0.46,10,5,0
2025-10-12,57783.53,17,3399.03,0.49,0.51,10,6,0
2025-10-13,36284.49,15,2418.97,0.37,0.63,10,0,0
2025-10-14,39725.26,12,3310.44,0.5,0.5,10,1,0
2025-10-15,34009.16,20,1700.46,0.22,0.78,10,2,0
2025-10-16,38752.56,18,2152.92,0.25,0.75,10,3,0
2025-10-17,86802.87,18,4822.38,0.47,0.53,10,4,0
2025-10-18,61640.98,20,3082.05,0.34,0.66,10,5,0
2025-10-19,41570.61,20,2078.53,0.3,0.7,10,6,0
2025-10-20,38824.23,10,3882.42,0.32,0.68,10,0,0
2025-10-21,23624.87,12,1968.74,0.38,0.62,10,1,0
2025-10-22,37070.87,10,3707.09,0.3,0.7,10,2,0
2025-10-23,36631.54,15,2442.1,0.49,0.51,10,3,0
2025-10-24,33680.72,11,3061.88,0.4,0.6,10,4,0
2025-10-25,47489.97,23,2064.78,0.26,0.74,10,5,0
2025-10-26,59531.05,18,3307.28,0.48,0.52,10,6,0
2025-10-27,47309.71,16,2956.86,0.24,0.76,10,0,0
2025-10-28,62034.38,15,4135.63,0.57,0.43,10,1,0
2025-10-29,26703.73,7,3814.82,0.31,0.69,10,2,0
2025-10-30,49188.62,17,2893.45,0.52,0.48,10,3,0
2025-10-31,16616.05,12,1384.67,0.31,0.69,10,4,0
2025-11-01,17517.9,20,875.9,0.23,0.77,11,5,0
2025-11-02,84396.5,19,4441.92,0.59,0.41,11,6,0
2025-11-03,47201.46,19,2484.29,0.21,0.79,11,0,0
2025-11-04,16665.88,15,1111.06,0.27,0.73,11,1,0
2025-11-05,61801.01,15,4120.07,0.34,0.66,11,2,0
2025-11-06,80491.62,18,4471.76,0.53,0.47,11,3,0
2025-11-07,97851.35,20,4892.57,0.33,0.67,11,4,0
2025-11-08,83405.57,17,4906.21,0.48,0.52,11,5,0
2025-11-09,44168.35,18,2453.8,0.42,0.58,11,6,0
2025-11-10,23903.31,17,1406.08,0.55,0.45,11,0,0
2025-11-11,45040.67,19,2370.56,0.51,0.49,11,1,0
